scope,region,subset,depth,subset_label,subset_order,metric,subset_mean,baseline_mean,all_marker_mean,reference_depth,denominator,denominator_positive,defined,relative_improvement,subset_sem,relative_improvement_sem,units
retained_lineages,full,AldoB,0,AldoB,0,mse,1.6667977492883582e-11,1.709555891057087e-11,1.350798692951528e-11,2,3.587571981055591e-12,True,True,0.11918406653445834,5.699979624950505e-13,0.15888126161787472,dimensionless
retained_lineages,full,LGR5,0,LGR5,1,mse,4.183615828648266e-11,5.5757284904549425e-11,3.2439010578817634e-11,2,2.331827432573179e-11,True,True,0.5970050109027476,1.8115743799992472e-12,0.07768904142276811,dimensionless
retained_lineages,full,KI67,0,KI67,2,mse,3.6198952225407154e-11,3.647226388862905e-11,3.000421627787321e-11,2,6.468047610755838e-12,True,True,0.042255666573542044,1.4799007012799721e-12,0.22880176373764124,dimensionless
retained_lineages,full,EXO,0,Agr2 + Lysozyme,3,mse,3.675616176212279e-11,4.011265264128784e-11,2.765476420071217e-11,2,1.2457888440575669e-11,True,True,0.269426949452595,1.4418122601127258e-12,0.11573488292098567,dimensionless
retained_lineages,full,ENDO,0,Chroma + Serotonin,4,mse,6.239086061756162e-11,8.552866540984479e-11,3.729665169715864e-11,2,4.823201371268615e-11,True,True,0.47971882182056585,2.936268331491055e-12,0.060877995867685435,dimensionless
retained_lineages,full,LGR5_AldoB,0,LGR5 + AldoB,5,mse,2.0482587982615156e-11,2.3303632652852488e-11,1.6614959778967497e-11,2,6.688672873884992e-12,True,True,0.4217644850373406,6.523781791537717e-13,0.097534771314784,dimensionless
retained_lineages,full,AldoB_KI67,0,AldoB + KI67,6,mse,1.9342306716420584e-11,1.9763356639350798e-11,1.617732382005488e-11,2,3.5860328192959182e-12,True,True,0.11741385094542536,5.716810663213907e-13,0.15941880488244795,dimensionless
retained_lineages,full,LGR5_ENDO,0,LGR5 + Serotonin + Chroma,7,mse,4.2852041152355665e-11,5.993465812130531e-11,3.3499189244063676e-11,2,2.643546887724163e-11,True,True,0.6462006423368611,1.7345816690056584e-12,0.06561569522600617,dimensionless
retained_lineages,full,LGR5_EXO,0,LGR5 + Lysozyme + Agr2,8,mse,3.8234847399871774e-11,4.797709648508732e-11,3.034201017250437e-11,2,1.7635086312582956e-11,True,True,0.5524355771519119,1.4072687078967314e-12,0.07979936604521291,dimensionless
retained_lineages,full,AldoB_EXO_ENDO,0,AldoB + Lysozyme + Agr2 + Serotonin + Chroma,9,mse,2.0154573718279205e-11,2.2125029772344013e-11,1.6075066833886578e-11,2,6.049962938457435e-12,True,True,0.32569721072823915,6.578126795355981e-13,0.10873003458486,dimensionless
retained_lineages,full,LGR5_EXO_ENDO,0,LGR5 + Lysozyme + Agr2 + Serotonin + Chroma,10,mse,3.878153045189672e-11,5.013186213426416e-11,3.0690805079216624e-11,2,1.9441057055047534e-11,True,True,0.5838330524018764,1.384987567763723e-12,0.07124034273661754,dimensionless
retained_lineages,full,AldoB_KI67_EXO_ENDO,0,AldoB + KI67 + Lysozyme + Agr2 + Serotonin + Chroma,11,mse,2.0792838991781302e-11,2.1865714810447517e-11,1.7076624889459135e-11,2,4.789089920988382e-12,True,True,0.2240249893751822,5.999862997506563e-13,0.12528190316936666,dimensionless
retained_lineages,full,all,0,All lineages,12,mse,2.3022400140426007e-11,2.5086840825396528e-11,1.8930643852255467e-11,2,6.156196973141061e-12,True,True,0.33534350735973717,6.479487102883356e-13,0.10525145850843924,dimensionless
retained_lineages,full,AldoB,2,AldoB,0,mse,1.5202229331569378e-11,1.709555891057087e-11,1.350798692951528e-11,2,3.587571981055591e-12,True,True,0.527746785012076,5.257122143832623e-13,0.14653704989316454,dimensionless
retained_lineages,full,LGR5,2,LGR5,1,mse,3.842785940108398e-11,5.5757284904549425e-11,3.2439010578817634e-11,2,2.331827432573179e-11,True,True,0.7431692955229697,1.7460616987715408e-12,0.07487954187264861,dimensionless
retained_lineages,full,KI67,2,KI67,2,mse,3.532695342776019e-11,3.647226388862905e-11,3.000421627787321e-11,2,6.468047610755838e-12,True,True,0.17707205169057513,1.447502474379187e-12,0.22379279830471688,dimensionless
retained_lineages,full,EXO,2,Agr2 + Lysozyme,3,mse,3.2142096470877934e-11,4.011265264128784e-11,2.765476420071217e-11,2,1.2457888440575669e-11,True,True,0.6397999314594595,1.2482150798130892e-12,0.10019475497529903,dimensionless
retained_lineages,full,ENDO,2,Chroma + Serotonin,4,mse,4.925429895638627e-11,8.552866540984479e-11,3.729665169715864e-11,2,4.823201371268615e-11,True,True,0.75208069622682,2.299263179728127e-12,0.04767089330801395,dimensionless
retained_lineages,full,LGR5_AldoB,2,LGR5 + AldoB,5,mse,1.805751078354685e-11,2.3303632652852488e-11,1.6614959778967497e-11,2,6.688672873884992e-12,True,True,0.784329263550682,5.79935324157107e-13,0.08670409438341425,dimensionless
retained_lineages,full,AldoB_KI67,2,AldoB + KI67,6,mse,1.7210166916644442e-11,1.9763356639350798e-11,1.617732382005488e-11,2,3.5860328192959182e-12,True,True,0.711981694358182,5.166343074080433e-13,0.14406848276125908,dimensionless
retained_lineages,full,LGR5_ENDO,2,LGR5 + Serotonin + Chroma,7,mse,3.890272543533439e-11,5.993465812130531e-11,3.3499189244063676e-11,2,2.643546887724163e-11,True,True,0.7955952203320807,1.6416069363275185e-12,0.06209865026229145,dimensionless
retained_lineages,full,LGR5_EXO,2,LGR5 + Lysozyme + Agr2,8,mse,3.408763707768378e-11,4.797709648508732e-11,3.034201017250437e-11,2,1.7635086312582956e-11,True,True,0.787603710081825,1.2906117021643272e-12,0.07318431445631499,dimensionless
retained_lineages,full,AldoB_EXO_ENDO,2,AldoB + Lysozyme + Agr2 + Serotonin + Chroma,9,mse,1.74087029440248e-11,2.2125029772344013e-11,1.6075066833886578e-11,2,6.049962938457435e-12,True,True,0.7795629289460969,5.824961513643492e-13,0.09628094540243065,dimensionless
retained_lineages,full,LGR5_EXO_ENDO,2,LGR5 + Lysozyme + Agr2 + Serotonin + Chroma,10,mse,3.330867361069265e-11,5.013186213426416e-11,3.0690805079216624e-11,2,1.9441057055047534e-11,True,True,0.8653433028840198,1.2445275497942238e-12,0.0640154260270073,dimensionless
retained_lineages,full,AldoB_KI67_EXO_ENDO,2,AldoB + KI67 + Lysozyme + Agr2 + Serotonin + Chroma,11,mse,1.7422980665911727e-11,2.1865714810447517e-11,1.7076624889459135e-11,2,4.789089920988382e-12,True,True,0.9276781638752127,4.928486279300696e-13,0.10291070663971884,dimensionless
retained_lineages,full,all,2,All lineages,12,mse,1.8930643852255467e-11,2.5086840825396528e-11,1.8930643852255467e-11,2,6.156196973141061e-12,True,True,1.0,5.318227349610973e-13,0.08638819343848037,dimensionless
retained_lineages,full,AldoB,0,AldoB,0,mae,2.831490675346101e-06,2.8495056935703757e-06,2.553640507264203e-06,2,2.9586518630617247e-07,True,True,0.06088928017922303,4.336555501685535e-08,0.1465720099017633,dimensionless
retained_lineages,full,LGR5,0,LGR5,1,mae,4.6714981367698124e-06,5.496928855416044e-06,4.090620405375851e-06,2,1.406308450040193e-06,True,True,0.586948559274205,1.1535334248717985e-07,0.08202563419417909,dimensionless
retained_lineages,full,KI67,0,KI67,2,mae,4.150880928869023e-06,4.180261798835908e-06,3.792621835309984e-06,2,3.8763996352592415e-07,True,True,0.07579422332940103,9.18397526709139e-08,0.236920238655352,dimensionless
retained_lineages,full,EXO,0,Agr2 + Lysozyme,3,mae,4.245730090076999e-06,4.468869146212523e-06,3.6643731083228304e-06,2,8.044960378896929e-07,True,True,0.27736501564488697,9.158332625811497e-08,0.11383937514266822,dimensionless
retained_lineages,full,ENDO,0,Chroma + Serotonin,4,mae,6.03342733208153e-06,7.3307490631025475e-06,4.62332109195296e-06,2,2.7074279711495873e-06,True,True,0.47917128169070683,1.683109485350615e-07,0.06216636244014124,dimensionless
retained_lineages,full,LGR5_AldoB,0,LGR5 + AldoB,5,mae,3.11756245728207e-06,3.28343237243836e-06,2.7948807033049184e-06,2,4.885516691334418e-07,True,True,0.3395135573899447,4.7115106313705054e-08,0.09643832841114734,dimensionless
retained_lineages,full,AldoB_KI67,0,AldoB + KI67,6,mae,3.0107615755967945e-06,3.0233557069182597e-06,2.742172546789437e-06,2,2.8118316012882255e-07,True,True,0.044789778006959075,4.166510751838685e-08,0.14817781939465438,dimensionless
retained_lineages,full,LGR5_ENDO,0,LGR5 + Serotonin + Chroma,7,mae,4.765541847516866e-06,5.759448577752911e-06,4.2011717730544605e-06,2,1.5582768046984508e-06,True,True,0.6378242474246294,1.1095620161196761e-07,0.07120442355133384,dimensionless
retained_lineages,full,LGR5_EXO,0,LGR5 + Lysozyme + Agr2,8,mae,4.371285610240341e-06,4.971383254476811e-06,3.8862680653670194e-06,2,1.0851151891097915e-06,True,True,0.5530266742729676,9.081470279844853e-08,0.08369130181741465,dimensionless
retained_lineages,full,AldoB_EXO_ENDO,0,AldoB + Lysozyme + Agr2 + Serotonin + Chroma,9,mae,3.10210601119486e-06,3.205118684013184e-06,2.765381780503066e-06,2,4.397369035101179e-07,True,True,0.23425978578564702,4.684532369749884e-08,0.10653034422074831,dimensionless
retained_lineages,full,LGR5_EXO_ENDO,0,LGR5 + Lysozyme + Agr2 + Serotonin + Chroma,10,mae,4.4241602480635e-06,5.110864862543722e-06,3.928755406858489e-06,2,1.182109455685233e-06,True,True,0.5809145770534082,8.951148701859423e-08,0.07572182642486955,dimensionless
retained_lineages,full,AldoB_KI67_EXO_ENDO,0,AldoB + KI67 + Lysozyme + Agr2 + Serotonin + Chroma,11,mae,3.119820238813244e-06,3.1710275098995786e-06,2.8185734972343803e-06,2,3.524540126651983e-07,True,True,0.14528780846929132,4.334557438300348e-08,0.122982212786376,dimensionless
retained_lineages,full,all,0,All lineages,12,mae,3.267021517310191e-06,3.390153973940063e-06,2.958548476581452e-06,2,4.3160549735861105e-07,True,True,0.2852893611954255,4.610419683119833e-08,0.10682022614019537,dimensionless
retained_lineages,full,AldoB,2,AldoB,0,mae,2.699312536439405e-06,2.8495056935703757e-06,2.553640507264203e-06,2,2.9586518630617247e-07,True,True,0.5076405203535679,4.114402523937125e-08,0.13906342193567128,dimensionless
retained_lineages,full,LGR5,2,LGR5,1,mae,4.454259075400726e-06,5.496928855416044e-06,4.090620405375851e-06,2,1.406308450040193e-06,True,True,0.7414232489220398,1.1231262575526013e-07,0.07986343661097264,dimensionless
retained_lineages,full,KI67,2,KI67,2,mae,4.097822693182586e-06,4.180261798835908e-06,3.792621835309984e-06,2,3.8763996352592415e-07,True,True,0.21266926377628065,9.065833193279297e-08,0.2338725117714289,dimensionless
retained_lineages,full,EXO,2,Agr2 + Lysozyme,3,mae,3.95981372430731e-06,4.468869146212523e-06,3.6643731083228304e-06,2,8.044960378896929e-07,True,True,0.6327631186855034,8.306490168457648e-08,0.10325085242491372,dimensionless
retained_lineages,full,ENDO,2,Chroma + Serotonin,4,mae,5.3936060934921205e-06,7.3307490631025475e-06,4.62332109195296e-06,2,2.7074279711495873e-06,True,True,0.7154919688548192,1.4568423558513248e-07,0.05380909008015982,dimensionless
retained_lineages,full,LGR5_AldoB,2,LGR5 + AldoB,5,mae,2.9183693611426382e-06,3.28343237243836e-06,2.7948807033049184e-06,2,4.885516691334418e-07,True,True,0.7472352145336946,4.3810592900542325e-08,0.08967443091178143,dimensionless
retained_lineages,full,AldoB_KI67,2,AldoB + KI67,6,mae,2.821610217550351e-06,3.0233557069182597e-06,2.742172546789437e-06,2,2.8118316012882255e-07,True,True,0.7174878085710397,3.859213848582819e-08,0.13724911003968876,dimensionless
retained_lineages,full,LGR5_ENDO,2,LGR5 + Serotonin + Chroma,7,mae,4.524812227358716e-06,5.759448577752911e-06,4.2011717730544605e-06,2,1.5582768046984508e-06,True,True,0.7923087519955195,1.0714038237819244e-07,0.06875568066927985,dimensionless
retained_lineages,full,LGR5_EXO,2,LGR5 + Lysozyme + Agr2,8,mae,4.115166118559321e-06,4.971383254476811e-06,3.8862680653670194e-06,2,1.0851151891097915e-06,True,True,0.7890564471960938,8.534264552086927e-08,0.07864846642768203,dimensionless
retained_lineages,full,AldoB_EXO_ENDO,2,AldoB + Lysozyme + Agr2 + Serotonin + Chroma,9,mae,2.8954744360767773e-06,3.205118684013184e-06,2.765381780503066e-06,2,4.397369035101179e-07,True,True,0.7041579759731997,4.314847165722888e-08,0.09812338085069561,dimensionless
retained_lineages,full,LGR5_EXO_ENDO,2,LGR5 + Lysozyme + Agr2 + Serotonin + Chroma,10,mae,4.084593890982348e-06,5.110864862543722e-06,3.928755406858489e-06,2,1.182109455685233e-06,True,True,0.8681691586389316,8.200606290708357e-08,0.06937264778035901,dimensionless
retained_lineages,full,AldoB_KI67_EXO_ENDO,2,AldoB + KI67 + Lysozyme + Agr2 + Serotonin + Chroma,11,mae,2.8542063994515123e-06,3.1710275098995786e-06,2.8185734972343803e-06,2,3.524540126651983e-07,True,True,0.8989005630899701,3.7865342772067387e-08,0.1074334279406723,dimensionless
retained_lineages,full,all,2,All lineages,12,mae,2.958548476581452e-06,3.390153973940063e-06,2.958548476581452e-06,2,4.3160549735861105e-07,True,True,1.0,4.0008180169738733e-08,0.09269617837257726,dimensionless
