region,subset,subset_label,subset_order,metric,subset_mean,subset_sem,all_marker_endpoint,baseline_endpoint,units
full,AldoB,AldoB,0,mse,1.5202229331569378e-11,5.257122143832623e-13,1.350798692951528e-11,1.709555891057087e-11,um^-4
full,LGR5,LGR5,1,mse,3.842785940108398e-11,1.7460616987715408e-12,3.2439010578817634e-11,5.5757284904549425e-11,um^-4
full,KI67,KI67,2,mse,3.532695342776019e-11,1.447502474379187e-12,3.000421627787321e-11,3.647226388862905e-11,um^-4
full,EXO,Agr2 + Lysozyme,3,mse,3.2142096470877934e-11,1.2482150798130892e-12,2.765476420071217e-11,4.011265264128784e-11,um^-4
full,ENDO,Chroma + Serotonin,4,mse,4.925429895638627e-11,2.299263179728127e-12,3.729665169715864e-11,8.552866540984479e-11,um^-4
full,LGR5_AldoB,LGR5 + AldoB,5,mse,1.805751078354685e-11,5.79935324157107e-13,1.6614959778967497e-11,2.3303632652852488e-11,um^-4
full,AldoB_KI67,AldoB + KI67,6,mse,1.7210166916644442e-11,5.166343074080433e-13,1.617732382005488e-11,1.9763356639350798e-11,um^-4
full,LGR5_ENDO,LGR5 + Serotonin + Chroma,7,mse,3.890272543533439e-11,1.6416069363275185e-12,3.3499189244063676e-11,5.993465812130531e-11,um^-4
full,LGR5_EXO,LGR5 + Lysozyme + Agr2,8,mse,3.408763707768378e-11,1.2906117021643272e-12,3.034201017250437e-11,4.797709648508732e-11,um^-4
full,AldoB_EXO_ENDO,AldoB + Lysozyme + Agr2 + Serotonin + Chroma,9,mse,1.74087029440248e-11,5.824961513643492e-13,1.6075066833886578e-11,2.2125029772344013e-11,um^-4
full,LGR5_EXO_ENDO,LGR5 + Lysozyme + Agr2 + Serotonin + Chroma,10,mse,3.330867361069265e-11,1.2445275497942238e-12,3.0690805079216624e-11,5.013186213426416e-11,um^-4
full,AldoB_KI67_EXO_ENDO,AldoB + KI67 + Lysozyme + Agr2 + Serotonin + Chroma,11,mse,1.7422980665911727e-11,4.928486279300696e-13,1.7076624889459135e-11,2.1865714810447517e-11,um^-4
full,all,All lineages,12,mse,1.8930643852255467e-11,5.318227349610973e-13,1.8930643852255467e-11,2.5086840825396528e-11,um^-4
