region,subset,depth,subset_label,subset_order,metric,subset_mean,subset_sem,all_marker_endpoint,reference_depth,baseline_endpoint,units
full,AldoB,0,AldoB,0,mae,2.831490675346101e-06,4.336555501685535e-08,2.553640507264203e-06,2,2.8495056935703757e-06,um^-2
full,LGR5,0,LGR5,1,mae,4.6714981367698124e-06,1.1535334248717985e-07,4.090620405375851e-06,2,5.496928855416044e-06,um^-2
full,KI67,0,KI67,2,mae,4.150880928869023e-06,9.18397526709139e-08,3.792621835309984e-06,2,4.180261798835908e-06,um^-2
full,EXO,0,Agr2 + Lysozyme,3,mae,4.245730090076999e-06,9.158332625811497e-08,3.6643731083228304e-06,2,4.468869146212523e-06,um^-2
full,ENDO,0,Chroma + Serotonin,4,mae,6.03342733208153e-06,1.683109485350615e-07,4.62332109195296e-06,2,7.3307490631025475e-06,um^-2
full,LGR5_AldoB,0,LGR5 + AldoB,5,mae,3.11756245728207e-06,4.7115106313705054e-08,2.7948807033049184e-06,2,3.28343237243836e-06,um^-2
full,AldoB_KI67,0,AldoB + KI67,6,mae,3.0107615755967945e-06,4.166510751838685e-08,2.742172546789437e-06,2,3.0233557069182597e-06,um^-2
full,LGR5_ENDO,0,LGR5 + Serotonin + Chroma,7,mae,4.765541847516866e-06,1.1095620161196761e-07,4.2011717730544605e-06,2,5.759448577752911e-06,um^-2
full,LGR5_EXO,0,LGR5 + Lysozyme + Agr2,8,mae,4.371285610240341e-06,9.081470279844853e-08,3.8862680653670194e-06,2,4.971383254476811e-06,um^-2
full,AldoB_EXO_ENDO,0,AldoB + Lysozyme + Agr2 + Serotonin + Chroma,9,mae,3.10210601119486e-06,4.684532369749884e-08,2.765381780503066e-06,2,3.205118684013184e-06,um^-2
full,LGR5_EXO_ENDO,0,LGR5 + Lysozyme + Agr2 + Serotonin + Chroma,10,mae,4.4241602480635e-06,8.951148701859423e-08,3.928755406858489e-06,2,5.110864862543722e-06,um^-2
full,AldoB_KI67_EXO_ENDO,0,AldoB + KI67 + Lysozyme + Agr2 + Serotonin + Chroma,11,mae,3.119820238813244e-06,4.334557438300348e-08,2.8185734972343803e-06,2,3.1710275098995786e-06,um^-2
full,all,0,All lineages,12,mae,3.267021517310191e-06,4.610419683119833e-08,2.958548476581452e-06,2,3.390153973940063e-06,um^-2
full,AldoB,2,AldoB,0,mae,2.699312536439405e-06,4.114402523937125e-08,2.553640507264203e-06,2,2.8495056935703757e-06,um^-2
full,LGR5,2,LGR5,1,mae,4.454259075400726e-06,1.1231262575526013e-07,4.090620405375851e-06,2,5.496928855416044e-06,um^-2
full,KI67,2,KI67,2,mae,4.097822693182586e-06,9.065833193279297e-08,3.792621835309984e-06,2,4.180261798835908e-06,um^-2
full,EXO,2,Agr2 + Lysozyme,3,mae,3.95981372430731e-06,8.306490168457648e-08,3.6643731083228304e-06,2,4.468869146212523e-06,um^-2
full,ENDO,2,Chroma + Serotonin,4,mae,5.3936060934921205e-06,1.4568423558513248e-07,4.62332109195296e-06,2,7.3307490631025475e-06,um^-2
full,LGR5_AldoB,2,LGR5 + AldoB,5,mae,2.9183693611426382e-06,4.3810592900542325e-08,2.7948807033049184e-06,2,3.28343237243836e-06,um^-2
full,AldoB_KI67,2,AldoB + KI67,6,mae,2.821610217550351e-06,3.859213848582819e-08,2.742172546789437e-06,2,3.0233557069182597e-06,um^-2
full,LGR5_ENDO,2,LGR5 + Serotonin + Chroma,7,mae,4.524812227358716e-06,1.0714038237819244e-07,4.2011717730544605e-06,2,5.759448577752911e-06,um^-2
full,LGR5_EXO,2,LGR5 + Lysozyme + Agr2,8,mae,4.115166118559321e-06,8.534264552086927e-08,3.8862680653670194e-06,2,4.971383254476811e-06,um^-2
full,AldoB_EXO_ENDO,2,AldoB + Lysozyme + Agr2 + Serotonin + Chroma,9,mae,2.8954744360767773e-06,4.314847165722888e-08,2.765381780503066e-06,2,3.205118684013184e-06,um^-2
full,LGR5_EXO_ENDO,2,LGR5 + Lysozyme + Agr2 + Serotonin + Chroma,10,mae,4.084593890982348e-06,8.200606290708357e-08,3.928755406858489e-06,2,5.110864862543722e-06,um^-2
full,AldoB_KI67_EXO_ENDO,2,AldoB + KI67 + Lysozyme + Agr2 + Serotonin + Chroma,11,mae,2.8542063994515123e-06,3.7865342772067387e-08,2.8185734972343803e-06,2,3.1710275098995786e-06,um^-2
full,all,2,All lineages,12,mae,2.958548476581452e-06,4.0008180169738733e-08,2.958548476581452e-06,2,3.390153973940063e-06,um^-2
