scope,region,subset,subset_label,subset_order,metric,depth,zero_reference_depth,all_marker_reference_depth,depth0_mean,depth0_sem,depth2_mean,depth2_sem,all_marker_mean,denominator,denominator_positive,defined,relative_improvement,relative_improvement_sem,units
retained_lineages,full,AldoB,AldoB,0,mse,2,0,2,1.6667977492883582e-11,5.699979624950505e-13,1.5202229331569378e-11,5.257122143832623e-13,1.350798692951528e-11,3.159990563368303e-12,True,True,0.4638457400176003,0.1663651216169754,dimensionless
retained_lineages,full,LGR5,LGR5,1,mse,2,0,2,4.183615828648266e-11,1.8115743799992472e-12,3.842785940108398e-11,1.7460616987715408e-12,3.2439010578817634e-11,9.397147707665023e-12,True,True,0.3626950423072114,0.18580762515282387,dimensionless
retained_lineages,full,KI67,KI67,2,mse,2,0,2,3.6198952225407154e-11,1.4799007012799721e-12,3.532695342776019e-11,1.447502474379187e-12,3.000421627787321e-11,6.194735947533944e-12,True,True,0.1407644821397267,0.23366653343076257,dimensionless
retained_lineages,full,EXO,Agr2 + Lysozyme,3,mse,2,0,2,3.675616176212279e-11,1.4418122601127258e-12,3.2142096470877934e-11,1.2482150798130892e-12,2.765476420071217e-11,9.10139756141062e-12,True,True,0.506962283551728,0.1371454297420702,dimensionless
retained_lineages,full,ENDO,Chroma + Serotonin,4,mse,2,0,2,6.239086061756162e-11,2.936268331491055e-12,4.925429895638627e-11,2.299263179728127e-12,3.729665169715864e-11,2.5094208920402976e-11,True,True,0.5234897702032998,0.09162525055168004,dimensionless
retained_lineages,full,LGR5_AldoB,LGR5 + AldoB,5,mse,2,0,2,2.0482587982615156e-11,6.523781791537717e-13,1.805751078354685e-11,5.79935324157107e-13,1.6614959778967497e-11,3.867628203647659e-12,True,True,0.6270192147169562,0.1499459859171973,dimensionless
retained_lineages,full,AldoB_KI67,AldoB + KI67,6,mse,2,0,2,1.9342306716420584e-11,5.716810663213907e-13,1.7210166916644442e-11,5.166343074080433e-13,1.617732382005488e-11,3.1649828963657038e-12,True,True,0.6736655045512069,0.16323447055631352,dimensionless
retained_lineages,full,LGR5_ENDO,LGR5 + Serotonin + Chroma,7,mse,2,0,2,4.2852041152355665e-11,1.7345816690056584e-12,3.890272543533439e-11,1.6416069363275185e-12,3.3499189244063676e-11,9.352851908291988e-12,True,True,0.42225791189101564,0.17551939797871852,dimensionless
retained_lineages,full,LGR5_EXO,LGR5 + Lysozyme + Agr2,8,mse,2,0,2,3.8234847399871774e-11,1.4072687078967314e-12,3.408763707768378e-11,1.2906117021643272e-12,3.034201017250437e-11,7.892837227367407e-12,True,True,0.5254397376659529,0.16351682734432882,dimensionless
retained_lineages,full,AldoB_EXO_ENDO,AldoB + Lysozyme + Agr2 + Serotonin + Chroma,9,mse,2,0,2,2.0154573718279205e-11,6.578126795355981e-13,1.74087029440248e-11,5.824961513643492e-13,1.6075066833886578e-11,4.079506884392627e-12,True,True,0.6730888933560952,0.14278592189484035,dimensionless
retained_lineages,full,LGR5_EXO_ENDO,LGR5 + Lysozyme + Agr2 + Serotonin + Chroma,10,mse,2,0,2,3.878153045189672e-11,1.384987567763723e-12,3.330867361069265e-11,1.2445275497942238e-12,3.0690805079216624e-11,8.090725372680098e-12,True,True,0.6764358681218169,0.15382150455836904,dimensionless
retained_lineages,full,AldoB_KI67_EXO_ENDO,AldoB + KI67 + Lysozyme + Agr2 + Serotonin + Chroma,11,mse,2,0,2,2.0792838991781302e-11,5.999862997506563e-13,1.7422980665911727e-11,4.928486279300696e-13,1.7076624889459135e-11,3.716214102322167e-12,True,True,0.9067987562298515,0.13262116077276093,dimensionless
retained_lineages,full,all,All lineages,12,mse,2,0,2,2.3022400140426007e-11,6.479487102883356e-13,1.8930643852255467e-11,5.318227349610973e-13,1.8930643852255467e-11,4.09175628817054e-12,True,True,1.0,0.12997419628794163,dimensionless
retained_lineages,full,AldoB,AldoB,0,mae,2,0,2,2.831490675346101e-06,4.336555501685535e-08,2.699312536439405e-06,4.114402523937125e-08,2.553640507264203e-06,2.778501680818979e-07,True,True,0.47571732570532715,0.14807990048522776,dimensionless
retained_lineages,full,LGR5,LGR5,1,mae,2,0,2,4.6714981367698124e-06,1.1535334248717985e-07,4.454259075400726e-06,1.1231262575526013e-07,4.090620405375851e-06,5.808777313939614e-07,True,True,0.37398414438743766,0.1933498560630615,dimensionless
retained_lineages,full,KI67,KI67,2,mae,2,0,2,4.150880928869023e-06,9.18397526709139e-08,4.097822693182586e-06,9.065833193279297e-08,3.792621835309984e-06,3.582590935590394e-07,True,True,0.14810017844723336,0.253052423686359,dimensionless
retained_lineages,full,EXO,Agr2 + Lysozyme,3,mae,2,0,2,4.245730090076999e-06,9.158332625811497e-08,3.95981372430731e-06,8.306490168457648e-08,3.6643731083228304e-06,5.813569817541687e-07,True,True,0.49180860425374695,0.142881059816189,dimensionless
retained_lineages,full,ENDO,Chroma + Serotonin,4,mae,2,0,2,6.03342733208153e-06,1.683109485350615e-07,5.3936060934921205e-06,1.4568423558513248e-07,4.62332109195296e-06,1.4101062401285695e-06,True,True,0.45373973987312616,0.10331436840663112,dimensionless
retained_lineages,full,LGR5_AldoB,LGR5 + AldoB,5,mae,2,0,2,3.11756245728207e-06,4.7115106313705054e-08,2.9183693611426382e-06,4.3810592900542325e-08,2.7948807033049184e-06,3.226817539771517e-07,True,True,0.6173051115667861,0.1357702825169484,dimensionless
retained_lineages,full,AldoB_KI67,AldoB + KI67,6,mae,2,0,2,3.0107615755967945e-06,4.166510751838685e-08,2.821610217550351e-06,3.859213848582819e-08,2.742172546789437e-06,2.6858902880735736e-07,True,True,0.7042408205813583,0.14368471659915788,dimensionless
retained_lineages,full,LGR5_ENDO,LGR5 + Serotonin + Chroma,7,mae,2,0,2,4.765541847516866e-06,1.1095620161196761e-07,4.524812227358716e-06,1.0714038237819244e-07,4.2011717730544605e-06,5.643700744624052e-07,True,True,0.42654568527124453,0.18984065106614625,dimensionless
retained_lineages,full,LGR5_EXO,LGR5 + Lysozyme + Agr2,8,mae,2,0,2,4.371285610240341e-06,9.081470279844853e-08,4.115166118559321e-06,8.534264552086927e-08,3.8862680653670194e-06,4.850175448733212e-07,True,True,0.5280623234937069,0.17595785229410496,dimensionless
retained_lineages,full,AldoB_EXO_ENDO,AldoB + Lysozyme + Agr2 + Serotonin + Chroma,9,mae,2,0,2,3.10210601119486e-06,4.684532369749884e-08,2.8954744360767773e-06,4.314847165722888e-08,2.765381780503066e-06,3.3672423069179394e-07,True,True,0.613652230175304,0.1281418672145486,dimensionless
retained_lineages,full,LGR5_EXO_ENDO,LGR5 + Lysozyme + Agr2 + Serotonin + Chroma,10,mae,2,0,2,4.4241602480635e-06,8.951148701859423e-08,4.084593890982348e-06,8.200606290708357e-08,3.928755406858489e-06,4.954048412050112e-07,True,True,0.6854320524103058,0.16553343061326153,dimensionless
retained_lineages,full,AldoB_KI67_EXO_ENDO,AldoB + KI67 + Lysozyme + Agr2 + Serotonin + Chroma,11,mae,2,0,2,3.119820238813244e-06,4.334557438300348e-08,2.8542063994515123e-06,3.7865342772067387e-08,2.8185734972343803e-06,3.012467415788638e-07,True,True,0.8817152277552397,0.12569544345479522,dimensionless
retained_lineages,full,all,All lineages,12,mae,2,0,2,3.267021517310191e-06,4.610419683119833e-08,2.958548476581452e-06,4.0008180169738733e-08,2.958548476581452e-06,3.08473040728739e-07,True,True,1.0,0.12969749341862458,dimensionless
