hop,center_marker,source_marker_name,global_available,target_count,coverage_selected_count,selected_count,non_overlap_excluded_count,quota_excluded_count,target_met,fold
1,Agr2,Agr2,2160,25,88,78,10,0,True,0
1,Agr2,AldoB,1182,25,42,41,1,0,True,0
1,Agr2,Chroma,46,25,25,22,3,0,False,0
1,Agr2,KI67,1546,25,51,50,1,0,True,0
1,Agr2,LGR5,1199,25,69,66,3,0,True,0
1,Agr2,Lysozyme,379,25,31,28,3,0,True,0
1,Agr2,Serotonin,66,25,25,16,9,0,False,0
1,Agr2,Unassigned,1532,25,48,47,1,0,True,0
1,AldoB,Agr2,2557,25,59,54,5,0,True,0
1,AldoB,AldoB,32580,25,602,544,58,0,True,0
1,AldoB,Chroma,79,25,26,15,11,0,False,0
1,AldoB,KI67,2485,25,83,79,4,0,True,0
1,AldoB,LGR5,1167,25,68,62,6,0,True,0
1,AldoB,Lysozyme,325,25,28,24,4,0,False,0
1,AldoB,Serotonin,60,25,25,11,14,0,False,0
1,AldoB,Unassigned,7300,25,159,151,8,0,True,0
1,Chroma,Agr2,37,25,26,25,1,0,True,0
1,Chroma,AldoB,32,25,25,21,4,0,False,0
1,Chroma,Chroma,161,25,52,31,21,0,True,0
1,Chroma,KI67,93,25,30,29,1,0,True,0
1,Chroma,LGR5,213,25,66,60,6,0,True,0
1,Chroma,Lysozyme,33,25,26,21,5,0,False,0
1,Chroma,Serotonin,58,25,27,19,8,0,False,0
1,Chroma,Unassigned,48,25,25,23,2,0,False,0
1,KI67,Agr2,3072,25,85,77,8,0,True,0
1,KI67,AldoB,2057,25,54,52,2,0,True,0
1,KI67,Chroma,226,25,30,21,9,0,False,0
1,KI67,KI67,13607,25,286,266,20,0,True,0
1,KI67,LGR5,3530,25,95,91,4,0,True,0
1,KI67,Lysozyme,1108,25,38,34,4,0,True,0
1,KI67,Serotonin,186,25,26,18,8,0,False,0
1,KI67,Unassigned,7572,25,162,155,7,0,True,0
1,LGR5,Agr2,3277,25,80,76,4,0,True,0
1,LGR5,AldoB,1097,25,42,42,0,0,True,0
1,LGR5,Chroma,647,25,34,28,6,0,True,0
1,LGR5,KI67,3742,25,105,104,1,0,True,0
1,LGR5,LGR5,12164,25,266,242,24,0,True,0
1,LGR5,Lysozyme,2810,25,74,69,5,0,True,0
1,LGR5,Serotonin,827,25,42,34,8,0,True,0
1,LGR5,Unassigned,2786,25,82,77,5,0,True,0
1,Lysozyme,Agr2,318,25,33,31,2,0,True,0
1,Lysozyme,AldoB,147,25,30,27,3,0,True,0
1,Lysozyme,Chroma,29,25,25,21,4,0,False,0
1,Lysozyme,KI67,508,25,42,37,5,0,True,0
1,Lysozyme,LGR5,878,25,84,77,7,0,True,0
1,Lysozyme,Lysozyme,309,25,43,29,14,0,True,0
1,Lysozyme,Serotonin,38,25,25,21,4,0,False,0
1,Lysozyme,Unassigned,362,25,35,32,3,0,True,0
1,Serotonin,Agr2,57,25,27,24,3,0,False,0
1,Serotonin,AldoB,23,25,23,20,3,0,False,0
1,Serotonin,Chroma,54,25,25,21,4,0,False,0
1,Serotonin,KI67,102,25,36,33,3,0,True,0
1,Serotonin,LGR5,269,25,62,58,4,0,True,0
1,Serotonin,Lysozyme,38,25,25,21,4,0,False,0
1,Serotonin,Serotonin,186,25,58,30,28,0,True,0
1,Serotonin,Unassigned,53,25,25,22,3,0,False,0
1,Unassigned,Agr2,2863,25,57,53,4,0,True,0
1,Unassigned,AldoB,6306,25,117,116,1,0,True,0
1,Unassigned,Chroma,100,25,26,16,10,0,False,0
1,Unassigned,KI67,8859,25,163,156,7,0,True,0
1,Unassigned,LGR5,2417,25,71,67,4,0,True,0
1,Unassigned,Lysozyme,708,25,36,32,4,0,True,0
1,Unassigned,Serotonin,99,25,26,22,4,0,False,0
1,Unassigned,Unassigned,20426,25,362,341,21,0,True,0
2,Agr2,Agr2,2575,25,100,83,17,0,True,0
2,Agr2,AldoB,1648,25,62,57,5,0,True,0
2,Agr2,Chroma,129,25,26,20,6,0,False,0
2,Agr2,KI67,2113,25,73,68,5,0,True,0
2,Agr2,LGR5,1532,25,79,67,12,0,True,0
2,Agr2,Lysozyme,771,25,52,46,6,0,True,0
2,Agr2,Serotonin,203,25,34,22,12,0,False,0
2,Agr2,Unassigned,2110,25,73,65,8,0,True,0
2,AldoB,Agr2,5483,25,126,108,18,0,True,0
2,AldoB,AldoB,32842,25,609,483,126,0,True,0
2,AldoB,Chroma,216,25,29,18,11,0,False,0
2,AldoB,KI67,5949,25,148,115,33,0,True,0
2,AldoB,LGR5,2835,25,110,85,25,0,True,0
2,AldoB,Lysozyme,874,25,50,43,7,0,True,0
2,AldoB,Serotonin,183,25,29,10,19,0,False,0
2,AldoB,Unassigned,12416,25,259,218,41,0,True,0
2,Chroma,Agr2,99,25,38,35,3,0,True,0
2,Chroma,AldoB,55,25,36,28,8,0,True,0
2,Chroma,Chroma,106,25,34,19,15,0,False,0
2,Chroma,KI67,148,25,48,43,5,0,True,0
2,Chroma,LGR5,231,25,74,61,13,0,True,0
2,Chroma,Lysozyme,66,25,33,30,3,0,True,0
2,Chroma,Serotonin,61,25,29,21,8,0,False,0
2,Chroma,Unassigned,91,25,39,31,8,0,True,0
2,KI67,Agr2,5379,25,131,116,15,0,True,0
2,KI67,AldoB,3994,25,95,83,12,0,True,0
2,KI67,Chroma,579,25,35,20,15,0,False,0
2,KI67,KI67,14044,25,298,243,55,0,True,0
2,KI67,LGR5,6006,25,151,130,21,0,True,0
2,KI67,Lysozyme,2215,25,70,62,8,0,True,0
2,KI67,Serotonin,485,25,32,21,11,0,False,0
2,KI67,Unassigned,9931,25,220,194,26,0,True,0
2,LGR5,Agr2,5320,25,128,116,12,0,True,0
2,LGR5,AldoB,2328,25,78,67,11,0,True,0
2,LGR5,Chroma,1266,25,48,35,13,0,True,0
2,LGR5,KI67,6722,25,167,149,18,0,True,0
2,LGR5,LGR5,12301,25,273,232,41,0,True,0
2,LGR5,Lysozyme,4515,25,97,83,14,0,True,0
2,LGR5,Serotonin,1636,25,57,37,20,0,True,0
2,LGR5,Unassigned,5337,25,126,115,11,0,True,0
2,Lysozyme,Agr2,566,25,69,59,10,0,True,0
2,Lysozyme,AldoB,275,25,41,34,7,0,True,0
2,Lysozyme,Chroma,75,25,27,19,8,0,False,0
2,Lysozyme,KI67,732,25,67,58,9,0,True,0
2,Lysozyme,LGR5,963,25,95,77,18,0,True,0
2,Lysozyme,Lysozyme,672,25,58,42,16,0,True,0
2,Lysozyme,Serotonin,110,25,31,23,8,0,False,0
2,Lysozyme,Unassigned,549,25,49,44,5,0,True,0
2,Serotonin,Agr2,126,25,45,35,10,0,True,0
2,Serotonin,AldoB,58,25,38,29,9,0,True,0
2,Serotonin,Chroma,68,25,25,19,6,0,False,0
2,Serotonin,KI67,177,25,53,43,10,0,True,0
2,Serotonin,LGR5,291,25,72,60,12,0,True,0
2,Serotonin,Lysozyme,105,25,33,27,6,0,True,0
2,Serotonin,Serotonin,136,25,44,23,21,0,False,0
2,Serotonin,Unassigned,120,25,37,31,6,0,True,0
2,Unassigned,Agr2,5605,25,120,110,10,0,True,0
2,Unassigned,AldoB,9510,25,172,153,19,0,True,0
2,Unassigned,Chroma,290,25,29,18,11,0,False,0
2,Unassigned,KI67,13035,25,244,224,20,0,True,0
2,Unassigned,LGR5,4678,25,116,100,16,0,True,0
2,Unassigned,Lysozyme,1574,25,37,30,7,0,True,0
2,Unassigned,Serotonin,329,25,31,22,9,0,False,0
2,Unassigned,Unassigned,20932,25,377,319,58,0,True,0
1,Agr2,Agr2,2062,25,81,67,14,0,True,1
1,Agr2,AldoB,1094,25,49,47,2,0,True,1
1,Agr2,Chroma,33,25,25,18,7,0,False,1
1,Agr2,KI67,1478,25,64,63,1,0,True,1
1,Agr2,LGR5,1310,25,78,67,11,0,True,1
1,Agr2,Lysozyme,310,25,29,26,3,0,True,1
1,Agr2,Serotonin,43,25,26,19,7,0,False,1
1,Agr2,Unassigned,1238,25,51,49,2,0,True,1
1,AldoB,Agr2,2485,25,72,65,7,0,True,1
1,AldoB,AldoB,33682,25,609,562,47,0,True,1
1,AldoB,Chroma,118,25,26,16,10,0,False,1
1,AldoB,KI67,3028,25,82,79,3,0,True,1
1,AldoB,LGR5,1047,25,49,46,3,0,True,1
1,AldoB,Lysozyme,339,25,33,29,4,0,True,1
1,AldoB,Serotonin,120,25,25,17,8,0,False,1
1,AldoB,Unassigned,6584,25,129,122,7,0,True,1
1,Chroma,Agr2,33,25,25,21,4,0,False,1
1,Chroma,AldoB,43,25,25,22,3,0,False,1
1,Chroma,Chroma,203,25,51,30,21,0,True,1
1,Chroma,KI67,166,25,39,37,2,0,True,1
1,Chroma,LGR5,189,25,52,48,4,0,True,1
1,Chroma,Lysozyme,10,25,10,8,2,0,False,1
1,Chroma,Serotonin,88,25,31,21,10,0,False,1
1,Chroma,Unassigned,52,25,25,23,2,0,False,1
1,KI67,Agr2,3281,25,79,75,4,0,True,1
1,KI67,AldoB,2606,25,80,76,4,0,True,1
1,KI67,Chroma,426,25,31,28,3,0,True,1
1,KI67,KI67,16857,25,307,289,18,0,True,1
1,KI67,LGR5,3775,25,92,89,3,0,True,1
1,KI67,Lysozyme,1130,25,40,39,1,0,True,1
1,KI67,Serotonin,326,25,31,27,4,0,True,1
1,KI67,Unassigned,7985,25,156,151,5,0,True,1
1,LGR5,Agr2,3245,25,76,73,3,0,True,1
1,LGR5,AldoB,932,25,41,36,5,0,True,1
1,LGR5,Chroma,494,25,31,26,5,0,True,1
1,LGR5,KI67,3636,25,89,88,1,0,True,1
1,LGR5,LGR5,11535,25,237,215,22,0,True,1
1,LGR5,Lysozyme,2371,25,68,65,3,0,True,1
1,LGR5,Serotonin,706,25,39,29,10,0,True,1
1,LGR5,Unassigned,2641,25,79,76,3,0,True,1
1,Lysozyme,Agr2,284,25,34,31,3,0,True,1
1,Lysozyme,AldoB,151,25,25,23,2,0,False,1
1,Lysozyme,Chroma,9,25,9,8,1,0,False,1
1,Lysozyme,KI67,463,25,41,39,2,0,True,1
1,Lysozyme,LGR5,741,25,66,63,3,0,True,1
1,Lysozyme,Lysozyme,274,25,34,29,5,0,True,1
1,Lysozyme,Serotonin,34,25,25,24,1,0,False,1
1,Lysozyme,Unassigned,316,25,34,31,3,0,True,1
1,Serotonin,Agr2,39,25,25,23,2,0,False,1
1,Serotonin,AldoB,47,25,26,23,3,0,False,1
1,Serotonin,Chroma,66,25,26,21,5,0,False,1
1,Serotonin,KI67,138,25,44,42,2,0,True,1
1,Serotonin,LGR5,246,25,59,56,3,0,True,1
1,Serotonin,Lysozyme,36,25,25,22,3,0,False,1
1,Serotonin,Serotonin,185,25,43,27,16,0,True,1
1,Serotonin,Unassigned,53,25,25,24,1,0,False,1
1,Unassigned,Agr2,2678,25,62,61,1,0,True,1
1,Unassigned,AldoB,5683,25,131,124,7,0,True,1
1,Unassigned,Chroma,92,25,25,19,6,0,False,1
1,Unassigned,KI67,8528,25,199,189,10,0,True,1
1,Unassigned,LGR5,2438,25,73,67,6,0,True,1
1,Unassigned,Lysozyme,589,25,32,26,6,0,True,1
1,Unassigned,Serotonin,119,25,29,19,10,0,False,1
1,Unassigned,Unassigned,17908,25,380,346,34,0,True,1
2,Agr2,Agr2,2445,25,96,73,23,0,True,1
2,Agr2,AldoB,1539,25,74,62,12,0,True,1
2,Agr2,Chroma,114,25,27,19,8,0,False,1
2,Agr2,KI67,1976,25,79,70,9,0,True,1
2,Agr2,LGR5,1660,25,90,70,20,0,True,1
2,Agr2,Lysozyme,693,25,37,29,8,0,True,1
2,Agr2,Serotonin,153,25,35,22,13,0,False,1
2,Agr2,Unassigned,1702,25,73,68,5,0,True,1
2,AldoB,Agr2,5355,25,129,114,15,0,True,1
2,AldoB,AldoB,33912,25,614,515,99,0,True,1
2,AldoB,Chroma,345,25,37,20,17,0,False,1
2,AldoB,KI67,6765,25,164,137,27,0,True,1
2,AldoB,LGR5,2479,25,90,70,20,0,True,1
2,AldoB,Lysozyme,918,25,47,41,6,0,True,1
2,AldoB,Serotonin,371,25,34,22,12,0,False,1
2,AldoB,Unassigned,11890,25,217,188,29,0,True,1
2,Chroma,Agr2,88,25,29,26,3,0,True,1
2,Chroma,AldoB,65,25,35,28,7,0,True,1
2,Chroma,Chroma,155,25,42,25,17,0,True,1
2,Chroma,KI67,217,25,55,48,7,0,True,1
2,Chroma,LGR5,226,25,64,50,14,0,True,1
2,Chroma,Lysozyme,48,25,25,23,2,0,False,1
2,Chroma,Serotonin,87,25,30,23,7,0,False,1
2,Chroma,Unassigned,90,25,34,29,5,0,True,1
2,KI67,Agr2,6124,25,121,109,12,0,True,1
2,KI67,AldoB,4992,25,128,114,14,0,True,1
2,KI67,Chroma,971,25,39,30,9,0,True,1
2,KI67,KI67,17211,25,315,278,37,0,True,1
2,KI67,LGR5,6851,25,151,138,13,0,True,1
2,KI67,Lysozyme,2168,25,72,63,9,0,True,1
2,KI67,Serotonin,771,25,36,26,10,0,True,1
2,KI67,Unassigned,10785,25,202,186,16,0,True,1
2,LGR5,Agr2,5229,25,109,100,9,0,True,1
2,LGR5,AldoB,1913,25,72,63,9,0,True,1
2,LGR5,Chroma,1018,25,39,28,11,0,True,1
2,LGR5,KI67,6436,25,152,128,24,0,True,1
2,LGR5,LGR5,11629,25,240,194,46,0,True,1
2,LGR5,Lysozyme,3848,25,83,76,7,0,True,1
2,LGR5,Serotonin,1433,25,56,40,16,0,True,1
2,LGR5,Unassigned,4972,25,118,106,12,0,True,1
2,Lysozyme,Agr2,478,25,41,38,3,0,True,1
2,Lysozyme,AldoB,265,25,41,35,6,0,True,1
2,Lysozyme,Chroma,48,25,26,23,3,0,False,1
2,Lysozyme,KI67,611,25,58,51,7,0,True,1
2,Lysozyme,LGR5,824,25,74,64,10,0,True,1
2,Lysozyme,Lysozyme,576,25,54,44,10,0,True,1
2,Lysozyme,Serotonin,91,25,29,23,6,0,False,1
2,Lysozyme,Unassigned,506,25,52,45,7,0,True,1
2,Serotonin,Agr2,117,25,43,35,8,0,True,1
2,Serotonin,AldoB,91,25,36,31,5,0,True,1
2,Serotonin,Chroma,70,25,25,19,6,0,False,1
2,Serotonin,KI67,195,25,60,51,9,0,True,1
2,Serotonin,LGR5,262,25,63,55,8,0,True,1
2,Serotonin,Lysozyme,91,25,33,29,4,0,True,1
2,Serotonin,Serotonin,138,25,34,21,13,0,False,1
2,Serotonin,Unassigned,108,25,39,34,5,0,True,1
2,Unassigned,Agr2,5145,25,121,112,9,0,True,1
2,Unassigned,AldoB,8770,25,196,175,21,0,True,1
2,Unassigned,Chroma,262,25,27,17,10,0,False,1
2,Unassigned,KI67,12179,25,269,234,35,0,True,1
2,Unassigned,LGR5,4660,25,117,99,18,0,True,1
2,Unassigned,Lysozyme,1262,25,55,46,9,0,True,1
2,Unassigned,Serotonin,350,25,31,19,12,0,False,1
2,Unassigned,Unassigned,18411,25,394,327,67,0,True,1
1,Agr2,Agr2,2029,25,91,80,11,0,True,2
1,Agr2,AldoB,1215,25,44,41,3,0,True,2
1,Agr2,Chroma,32,25,25,22,3,0,False,2
1,Agr2,KI67,1379,25,55,54,1,0,True,2
1,Agr2,LGR5,1085,25,79,75,4,0,True,2
1,Agr2,Lysozyme,296,25,34,33,1,0,True,2
1,Agr2,Serotonin,57,25,25,15,10,0,False,2
1,Agr2,Unassigned,1288,25,55,54,1,0,True,2
1,AldoB,Agr2,2569,25,60,59,1,0,True,2
1,AldoB,AldoB,34585,25,635,575,60,0,True,2
1,AldoB,Chroma,121,25,26,14,12,0,False,2
1,AldoB,KI67,2843,25,87,83,4,0,True,2
1,AldoB,LGR5,1293,25,60,55,5,0,True,2
1,AldoB,Lysozyme,424,25,34,27,7,0,True,2
1,AldoB,Serotonin,52,25,25,18,7,0,False,2
1,AldoB,Unassigned,6600,25,125,119,6,0,True,2
1,Chroma,Agr2,30,25,25,23,2,0,False,2
1,Chroma,AldoB,40,25,26,26,0,0,True,2
1,Chroma,Chroma,170,25,47,32,15,0,True,2
1,Chroma,KI67,111,25,35,33,2,0,True,2
1,Chroma,LGR5,196,25,55,50,5,0,True,2
1,Chroma,Lysozyme,44,25,25,23,2,0,False,2
1,Chroma,Serotonin,73,25,30,24,6,0,False,2
1,Chroma,Unassigned,64,25,32,27,5,0,True,2
1,KI67,Agr2,2863,25,73,70,3,0,True,2
1,KI67,AldoB,2254,25,53,51,2,0,True,2
1,KI67,Chroma,251,25,29,24,5,0,False,2
1,KI67,KI67,14339,25,281,257,24,0,True,2
1,KI67,LGR5,3247,25,76,75,1,0,True,2
1,KI67,Lysozyme,1130,25,48,42,6,0,True,2
1,KI67,Serotonin,187,25,27,20,7,0,False,2
1,KI67,Unassigned,7753,25,170,162,8,0,True,2
1,LGR5,Agr2,3084,25,75,71,4,0,True,2
1,LGR5,AldoB,1140,25,44,42,2,0,True,2
1,LGR5,Chroma,589,25,31,24,7,0,False,2
1,LGR5,KI67,3463,25,72,71,1,0,True,2
1,LGR5,LGR5,11399,25,220,204,16,0,True,2
1,LGR5,Lysozyme,2766,25,64,60,4,0,True,2
1,LGR5,Serotonin,821,25,37,34,3,0,True,2
1,LGR5,Unassigned,2379,25,49,46,3,0,True,2
1,Lysozyme,Agr2,259,25,32,29,3,0,True,2
1,Lysozyme,AldoB,182,25,25,23,2,0,False,2
1,Lysozyme,Chroma,38,25,26,23,3,0,False,2
1,Lysozyme,KI67,518,25,46,43,3,0,True,2
1,Lysozyme,LGR5,861,25,73,69,4,0,True,2
1,Lysozyme,Lysozyme,326,25,33,26,7,0,True,2
1,Lysozyme,Serotonin,29,25,25,21,4,0,False,2
1,Lysozyme,Unassigned,362,25,37,34,3,0,True,2
1,Serotonin,Agr2,46,25,25,21,4,0,False,2
1,Serotonin,AldoB,27,25,25,24,1,0,False,2
1,Serotonin,Chroma,55,25,26,22,4,0,False,2
1,Serotonin,KI67,89,25,31,30,1,0,True,2
1,Serotonin,LGR5,269,25,64,61,3,0,True,2
1,Serotonin,Lysozyme,32,25,25,21,4,0,False,2
1,Serotonin,Serotonin,184,25,48,28,20,0,True,2
1,Serotonin,Unassigned,60,25,28,28,0,0,True,2
1,Unassigned,Agr2,2616,25,71,63,8,0,True,2
1,Unassigned,AldoB,5651,25,125,118,7,0,True,2
1,Unassigned,Chroma,114,25,27,19,8,0,False,2
1,Unassigned,KI67,8592,25,194,184,10,0,True,2
1,Unassigned,LGR5,2200,25,78,73,5,0,True,2
1,Unassigned,Lysozyme,738,25,44,37,7,0,True,2
1,Unassigned,Serotonin,115,25,26,22,4,0,False,2
1,Unassigned,Unassigned,18606,25,377,341,36,0,True,2
2,Agr2,Agr2,2410,25,100,80,20,0,True,2
2,Agr2,AldoB,1637,25,61,52,9,0,True,2
2,Agr2,Chroma,98,25,28,24,4,0,False,2
2,Agr2,KI67,1886,25,79,71,8,0,True,2
2,Agr2,LGR5,1377,25,91,77,14,0,True,2
2,Agr2,Lysozyme,629,25,51,48,3,0,True,2
2,Agr2,Serotonin,201,25,32,22,10,0,False,2
2,Agr2,Unassigned,1832,25,68,64,4,0,True,2
2,AldoB,Agr2,5357,25,116,99,17,0,True,2
2,AldoB,AldoB,34811,25,642,520,122,0,True,2
2,AldoB,Chroma,337,25,32,19,13,0,False,2
2,AldoB,KI67,6571,25,153,126,27,0,True,2
2,AldoB,LGR5,2918,25,99,78,21,0,True,2
2,AldoB,Lysozyme,1187,25,55,49,6,0,True,2
2,AldoB,Serotonin,197,25,30,16,14,0,False,2
2,AldoB,Unassigned,11882,25,227,197,30,0,True,2
2,Chroma,Agr2,91,25,32,29,3,0,True,2
2,Chroma,AldoB,77,25,40,34,6,0,True,2
2,Chroma,Chroma,129,25,35,21,14,0,False,2
2,Chroma,KI67,167,25,53,40,13,0,True,2
2,Chroma,LGR5,214,25,61,52,9,0,True,2
2,Chroma,Lysozyme,91,25,36,29,7,0,True,2
2,Chroma,Serotonin,62,25,25,20,5,0,False,2
2,Chroma,Unassigned,117,25,50,39,11,0,True,2
2,KI67,Agr2,5108,25,112,107,5,0,True,2
2,KI67,AldoB,4293,25,101,93,8,0,True,2
2,KI67,Chroma,581,25,33,22,11,0,False,2
2,KI67,KI67,14763,25,301,248,53,0,True,2
2,KI67,LGR5,5824,25,136,120,16,0,True,2
2,KI67,Lysozyme,2236,25,69,59,10,0,True,2
2,KI67,Serotonin,504,25,33,21,12,0,False,2
2,KI67,Unassigned,10080,25,206,190,16,0,True,2
2,LGR5,Agr2,5127,25,109,99,10,0,True,2
2,LGR5,AldoB,2184,25,69,58,11,0,True,2
2,LGR5,Chroma,1179,25,37,27,10,0,True,2
2,LGR5,KI67,6114,25,121,113,8,0,True,2
2,LGR5,LGR5,11517,25,225,189,36,0,True,2
2,LGR5,Lysozyme,4320,25,99,86,13,0,True,2
2,LGR5,Serotonin,1613,25,54,40,14,0,True,2
2,LGR5,Unassigned,4572,25,105,91,14,0,True,2
2,Lysozyme,Agr2,483,25,50,45,5,0,True,2
2,Lysozyme,AldoB,317,25,40,32,8,0,True,2
2,Lysozyme,Chroma,93,25,27,23,4,0,False,2
2,Lysozyme,KI67,734,25,59,54,5,0,True,2
2,Lysozyme,LGR5,946,25,83,68,15,0,True,2
2,Lysozyme,Lysozyme,652,25,64,49,15,0,True,2
2,Lysozyme,Serotonin,127,25,33,27,6,0,True,2
2,Lysozyme,Unassigned,548,25,52,48,4,0,True,2
2,Serotonin,Agr2,129,25,47,36,11,0,True,2
2,Serotonin,AldoB,58,25,36,31,5,0,True,2
2,Serotonin,Chroma,69,25,28,20,8,0,False,2
2,Serotonin,KI67,134,25,36,32,4,0,True,2
2,Serotonin,LGR5,281,25,70,59,11,0,True,2
2,Serotonin,Lysozyme,121,25,43,36,7,0,True,2
2,Serotonin,Serotonin,112,25,27,15,12,0,False,2
2,Serotonin,Unassigned,109,25,40,37,3,0,True,2
2,Unassigned,Agr2,5019,25,111,95,16,0,True,2
2,Unassigned,AldoB,9055,25,197,164,33,0,True,2
2,Unassigned,Chroma,322,25,39,25,14,0,True,2
2,Unassigned,KI67,12228,25,265,229,36,0,True,2
2,Unassigned,LGR5,4222,25,112,92,20,0,True,2
2,Unassigned,Lysozyme,1561,25,68,55,13,0,True,2
2,Unassigned,Serotonin,301,25,35,27,8,0,True,2
2,Unassigned,Unassigned,19128,25,393,327,66,0,True,2
1,Agr2,Agr2,1610,25,57,47,10,0,True,3
1,Agr2,AldoB,1071,25,43,43,0,0,True,3
1,Agr2,Chroma,26,25,25,21,4,0,False,3
1,Agr2,KI67,1339,25,65,64,1,0,True,3
1,Agr2,LGR5,1123,25,76,75,1,0,True,3
1,Agr2,Lysozyme,299,25,32,30,2,0,True,3
1,Agr2,Serotonin,35,25,25,23,2,0,False,3
1,Agr2,Unassigned,1382,25,50,49,1,0,True,3
1,AldoB,Agr2,2437,25,77,69,8,0,True,3
1,AldoB,AldoB,33189,25,605,547,58,0,True,3
1,AldoB,Chroma,97,25,26,16,10,0,False,3
1,AldoB,KI67,2755,25,86,80,6,0,True,3
1,AldoB,LGR5,1609,25,62,60,2,0,True,3
1,AldoB,Lysozyme,413,25,33,29,4,0,True,3
1,AldoB,Serotonin,55,25,25,19,6,0,False,3
1,AldoB,Unassigned,6807,25,130,124,6,0,True,3
1,Chroma,Agr2,25,25,25,22,3,0,False,3
1,Chroma,AldoB,33,25,26,22,4,0,False,3
1,Chroma,Chroma,121,25,49,29,20,0,True,3
1,Chroma,KI67,98,25,39,35,4,0,True,3
1,Chroma,LGR5,148,25,58,51,7,0,True,3
1,Chroma,Lysozyme,25,25,25,20,5,0,False,3
1,Chroma,Serotonin,48,25,25,19,6,0,False,3
1,Chroma,Unassigned,57,25,28,25,3,0,True,3
1,KI67,Agr2,2892,25,68,64,4,0,True,3
1,KI67,AldoB,2152,25,53,50,3,0,True,3
1,KI67,Chroma,185,25,27,22,5,0,False,3
1,KI67,KI67,13352,25,252,238,14,0,True,3
1,KI67,LGR5,3314,25,90,86,4,0,True,3
1,KI67,Lysozyme,1036,25,36,34,2,0,True,3
1,KI67,Serotonin,172,25,28,22,6,0,False,3
1,KI67,Unassigned,7887,25,150,146,4,0,True,3
1,LGR5,Agr2,3262,25,68,67,1,0,True,3
1,LGR5,AldoB,1488,25,51,50,1,0,True,3
1,LGR5,Chroma,419,25,34,27,7,0,True,3
1,LGR5,KI67,3688,25,80,78,2,0,True,3
1,LGR5,LGR5,13301,25,272,249,23,0,True,3
1,LGR5,Lysozyme,3039,25,68,64,4,0,True,3
1,LGR5,Serotonin,728,25,32,28,4,0,True,3
1,LGR5,Unassigned,3234,25,78,77,1,0,True,3
1,Lysozyme,Agr2,287,25,34,34,0,0,True,3
1,Lysozyme,AldoB,185,25,31,30,1,0,True,3
1,Lysozyme,Chroma,20,25,20,18,2,0,False,3
1,Lysozyme,KI67,467,25,42,36,6,0,True,3
1,Lysozyme,LGR5,899,25,81,79,2,0,True,3
1,Lysozyme,Lysozyme,292,25,31,22,9,0,False,3
1,Lysozyme,Serotonin,44,25,28,27,1,0,True,3
1,Lysozyme,Unassigned,350,25,40,36,4,0,True,3
1,Serotonin,Agr2,35,25,26,23,3,0,False,3
1,Serotonin,AldoB,28,25,25,23,2,0,False,3
1,Serotonin,Chroma,36,25,25,23,2,0,False,3
1,Serotonin,KI67,70,25,34,33,1,0,True,3
1,Serotonin,LGR5,238,25,73,64,9,0,True,3
1,Serotonin,Lysozyme,43,25,25,22,3,0,False,3
1,Serotonin,Serotonin,164,25,55,31,24,0,True,3
1,Serotonin,Unassigned,51,25,25,24,1,0,False,3
1,Unassigned,Agr2,2892,25,85,85,0,0,True,3
1,Unassigned,AldoB,5982,25,116,112,4,0,True,3
1,Unassigned,Chroma,132,25,26,20,6,0,False,3
1,Unassigned,KI67,9353,25,192,181,11,0,True,3
1,Unassigned,LGR5,2769,25,73,67,6,0,True,3
1,Unassigned,Lysozyme,686,25,34,31,3,0,True,3
1,Unassigned,Serotonin,116,25,26,16,10,0,False,3
1,Unassigned,Unassigned,21205,25,394,367,27,0,True,3
2,Agr2,Agr2,2004,25,81,70,11,0,True,3
2,Agr2,AldoB,1456,25,61,54,7,0,True,3
2,Agr2,Chroma,80,25,25,20,5,0,False,3
2,Agr2,KI67,1803,25,88,81,7,0,True,3
2,Agr2,LGR5,1345,25,88,77,11,0,True,3
2,Agr2,Lysozyme,585,25,50,43,7,0,True,3
2,Agr2,Serotonin,120,25,32,27,5,0,True,3
2,Agr2,Unassigned,1819,25,70,66,4,0,True,3
2,AldoB,Agr2,5228,25,123,101,22,0,True,3
2,AldoB,AldoB,33463,25,614,486,128,0,True,3
2,AldoB,Chroma,277,25,37,22,15,0,False,3
2,AldoB,KI67,6363,25,150,131,19,0,True,3
2,AldoB,LGR5,3574,25,117,99,18,0,True,3
2,AldoB,Lysozyme,1090,25,55,46,9,0,True,3
2,AldoB,Serotonin,212,25,32,18,14,0,False,3
2,AldoB,Unassigned,11884,25,230,202,28,0,True,3
2,Chroma,Agr2,76,25,34,29,5,0,True,3
2,Chroma,AldoB,56,25,40,30,10,0,True,3
2,Chroma,Chroma,93,25,37,22,15,0,False,3
2,Chroma,KI67,128,25,54,43,11,0,True,3
2,Chroma,LGR5,165,25,60,46,14,0,True,3
2,Chroma,Lysozyme,59,25,29,25,4,0,True,3
2,Chroma,Serotonin,44,25,27,17,10,0,False,3
2,Chroma,Unassigned,91,25,44,37,7,0,True,3
2,KI67,Agr2,5273,25,101,93,8,0,True,3
2,KI67,AldoB,4037,25,86,79,7,0,True,3
2,KI67,Chroma,445,25,33,21,12,0,False,3
2,KI67,KI67,13820,25,261,219,42,0,True,3
2,KI67,LGR5,5709,25,136,114,22,0,True,3
2,KI67,Lysozyme,2122,25,57,50,7,0,True,3
2,KI67,Serotonin,440,25,34,24,10,0,False,3
2,KI67,Unassigned,10182,25,187,161,26,0,True,3
2,LGR5,Agr2,5464,25,127,108,19,0,True,3
2,LGR5,AldoB,2948,25,81,74,7,0,True,3
2,LGR5,Chroma,847,25,36,26,10,0,True,3
2,LGR5,KI67,6683,25,151,137,14,0,True,3
2,LGR5,LGR5,13431,25,277,221,56,0,True,3
2,LGR5,Lysozyme,4945,25,110,91,19,0,True,3
2,LGR5,Serotonin,1487,25,46,31,15,0,True,3
2,LGR5,Unassigned,6117,25,132,122,10,0,True,3
2,Lysozyme,Agr2,496,25,59,51,8,0,True,3
2,Lysozyme,AldoB,328,25,48,40,8,0,True,3
2,Lysozyme,Chroma,64,25,25,22,3,0,False,3
2,Lysozyme,KI67,682,25,59,52,7,0,True,3
2,Lysozyme,LGR5,972,25,86,79,7,0,True,3
2,Lysozyme,Lysozyme,705,25,60,49,11,0,True,3
2,Lysozyme,Serotonin,115,25,30,25,5,0,True,3
2,Lysozyme,Unassigned,563,25,54,47,7,0,True,3
2,Serotonin,Agr2,104,25,40,36,4,0,True,3
2,Serotonin,AldoB,56,25,36,31,5,0,True,3
2,Serotonin,Chroma,43,25,27,18,9,0,False,3
2,Serotonin,KI67,117,25,53,45,8,0,True,3
2,Serotonin,LGR5,252,25,78,59,19,0,True,3
2,Serotonin,Lysozyme,109,25,40,30,10,0,True,3
2,Serotonin,Serotonin,92,25,30,17,13,0,False,3
2,Serotonin,Unassigned,91,25,35,32,3,0,True,3
2,Unassigned,Agr2,5696,25,133,113,20,0,True,3
2,Unassigned,AldoB,9481,25,185,170,15,0,True,3
2,Unassigned,Chroma,305,25,33,24,9,0,False,3
2,Unassigned,KI67,13607,25,270,224,46,0,True,3
2,Unassigned,LGR5,5280,25,119,105,14,0,True,3
2,Unassigned,Lysozyme,1444,25,59,50,9,0,True,3
2,Unassigned,Serotonin,302,25,29,16,13,0,False,3
2,Unassigned,Unassigned,21678,25,401,326,75,0,True,3
1,Agr2,Agr2,1533,25,68,53,15,0,True,4
1,Agr2,AldoB,836,25,41,38,3,0,True,4
1,Agr2,Chroma,34,25,25,19,6,0,False,4
1,Agr2,KI67,1219,25,62,57,5,0,True,4
1,Agr2,LGR5,1175,25,74,70,4,0,True,4
1,Agr2,Lysozyme,323,25,36,33,3,0,True,4
1,Agr2,Serotonin,50,25,25,19,6,0,False,4
1,Agr2,Unassigned,1195,25,48,48,0,0,True,4
1,AldoB,Agr2,1859,25,69,66,3,0,True,4
1,AldoB,AldoB,32143,25,595,544,51,0,True,4
1,AldoB,Chroma,83,25,28,12,16,0,False,4
1,AldoB,KI67,2495,25,59,56,3,0,True,4
1,AldoB,LGR5,1195,25,49,45,4,0,True,4
1,AldoB,Lysozyme,362,25,29,21,8,0,False,4
1,AldoB,Serotonin,62,25,25,16,9,0,False,4
1,AldoB,Unassigned,7051,25,134,132,2,0,True,4
1,Chroma,Agr2,32,25,25,22,3,0,False,4
1,Chroma,AldoB,28,25,25,22,3,0,False,4
1,Chroma,Chroma,132,25,52,30,22,0,True,4
1,Chroma,KI67,81,25,37,34,3,0,True,4
1,Chroma,LGR5,150,25,50,45,5,0,True,4
1,Chroma,Lysozyme,24,25,24,18,6,0,False,4
1,Chroma,Serotonin,63,25,25,18,7,0,False,4
1,Chroma,Unassigned,40,25,25,22,3,0,False,4
1,KI67,Agr2,2601,25,68,67,1,0,True,4
1,KI67,AldoB,2011,25,54,54,0,0,True,4
1,KI67,Chroma,176,25,28,19,9,0,False,4
1,KI67,KI67,12972,25,266,249,17,0,True,4
1,KI67,LGR5,3006,25,83,80,3,0,True,4
1,KI67,Lysozyme,1059,25,41,40,1,0,True,4
1,KI67,Serotonin,188,25,26,19,7,0,False,4
1,KI67,Unassigned,7236,25,153,151,2,0,True,4
1,LGR5,Agr2,3391,25,97,90,7,0,True,4
1,LGR5,AldoB,1084,25,51,49,2,0,True,4
1,LGR5,Chroma,429,25,31,21,10,0,False,4
1,LGR5,KI67,3390,25,85,81,4,0,True,4
1,LGR5,LGR5,12361,25,257,233,24,0,True,4
1,LGR5,Lysozyme,2842,25,71,64,7,0,True,4
1,LGR5,Serotonin,748,25,36,31,5,0,True,4
1,LGR5,Unassigned,3312,25,78,75,3,0,True,4
1,Lysozyme,Agr2,304,25,32,30,2,0,True,4
1,Lysozyme,AldoB,153,25,25,22,3,0,False,4
1,Lysozyme,Chroma,20,25,20,18,2,0,False,4
1,Lysozyme,KI67,460,25,40,39,1,0,True,4
1,Lysozyme,LGR5,855,25,79,73,6,0,True,4
1,Lysozyme,Lysozyme,287,25,37,28,9,0,True,4
1,Lysozyme,Serotonin,36,25,25,22,3,0,False,4
1,Lysozyme,Unassigned,394,25,32,32,0,0,True,4
1,Serotonin,Agr2,40,25,25,21,4,0,False,4
1,Serotonin,AldoB,28,25,25,24,1,0,False,4
1,Serotonin,Chroma,57,25,26,21,5,0,False,4
1,Serotonin,KI67,92,25,36,31,5,0,True,4
1,Serotonin,LGR5,261,25,54,51,3,0,True,4
1,Serotonin,Lysozyme,45,25,27,23,4,0,False,4
1,Serotonin,Serotonin,192,25,48,29,19,0,True,4
1,Serotonin,Unassigned,66,25,28,25,3,0,True,4
1,Unassigned,Agr2,2759,25,71,65,6,0,True,4
1,Unassigned,AldoB,6262,25,137,132,5,0,True,4
1,Unassigned,Chroma,74,25,26,16,10,0,False,4
1,Unassigned,KI67,9104,25,209,203,6,0,True,4
1,Unassigned,LGR5,2974,25,99,96,3,0,True,4
1,Unassigned,Lysozyme,823,25,46,42,4,0,True,4
1,Unassigned,Serotonin,157,25,25,18,7,0,False,4
1,Unassigned,Unassigned,21534,25,431,398,33,0,True,4
2,Agr2,Agr2,1898,25,93,74,19,0,True,4
2,Agr2,AldoB,1202,25,53,46,7,0,True,4
2,Agr2,Chroma,118,25,34,23,11,0,False,4
2,Agr2,KI67,1686,25,80,66,14,0,True,4
2,Agr2,LGR5,1465,25,92,74,18,0,True,4
2,Agr2,Lysozyme,656,25,54,44,10,0,True,4
2,Agr2,Serotonin,178,25,32,17,15,0,False,4
2,Agr2,Unassigned,1706,25,69,62,7,0,True,4
2,AldoB,Agr2,4059,25,111,92,19,0,True,4
2,AldoB,AldoB,32363,25,601,482,119,0,True,4
2,AldoB,Chroma,237,25,30,12,18,0,False,4
2,AldoB,KI67,5869,25,126,107,19,0,True,4
2,AldoB,LGR5,2984,25,84,66,18,0,True,4
2,AldoB,Lysozyme,990,25,48,35,13,0,True,4
2,AldoB,Serotonin,211,25,29,18,11,0,False,4
2,AldoB,Unassigned,12143,25,235,203,32,0,True,4
2,Chroma,Agr2,92,25,47,38,9,0,True,4
2,Chroma,AldoB,51,25,37,31,6,0,True,4
2,Chroma,Chroma,72,25,31,15,16,0,False,4
2,Chroma,KI67,128,25,51,40,11,0,True,4
2,Chroma,LGR5,165,25,56,44,12,0,True,4
2,Chroma,Lysozyme,55,25,36,32,4,0,True,4
2,Chroma,Serotonin,63,25,27,17,10,0,False,4
2,Chroma,Unassigned,72,25,33,28,5,0,True,4
2,KI67,Agr2,4641,25,95,89,6,0,True,4
2,KI67,AldoB,3876,25,91,84,7,0,True,4
2,KI67,Chroma,431,25,32,26,6,0,True,4
2,KI67,KI67,13460,25,273,241,32,0,True,4
2,KI67,LGR5,5278,25,142,127,15,0,True,4
2,KI67,Lysozyme,2073,25,63,55,8,0,True,4
2,KI67,Serotonin,429,25,36,27,9,0,True,4
2,KI67,Unassigned,9477,25,196,180,16,0,True,4
2,LGR5,Agr2,5657,25,135,113,22,0,True,4
2,LGR5,AldoB,2354,25,75,64,11,0,True,4
2,LGR5,Chroma,867,25,45,30,15,0,True,4
2,LGR5,KI67,6227,25,141,121,20,0,True,4
2,LGR5,LGR5,12456,25,255,217,38,0,True,4
2,LGR5,Lysozyme,4623,25,101,90,11,0,True,4
2,LGR5,Serotonin,1533,25,51,39,12,0,True,4
2,LGR5,Unassigned,5918,25,122,115,7,0,True,4
2,Lysozyme,Agr2,522,25,44,38,6,0,True,4
2,Lysozyme,AldoB,298,25,38,34,4,0,True,4
2,Lysozyme,Chroma,65,25,26,20,6,0,False,4
2,Lysozyme,KI67,683,25,59,52,7,0,True,4
2,Lysozyme,LGR5,942,25,83,66,17,0,True,4
2,Lysozyme,Lysozyme,660,25,52,40,12,0,True,4
2,Lysozyme,Serotonin,108,25,31,20,11,0,False,4
2,Lysozyme,Unassigned,560,25,44,40,4,0,True,4
2,Serotonin,Agr2,134,25,37,32,5,0,True,4
2,Serotonin,AldoB,62,25,36,29,7,0,True,4
2,Serotonin,Chroma,52,25,25,17,8,0,False,4
2,Serotonin,KI67,133,25,45,35,10,0,True,4
2,Serotonin,LGR5,282,25,65,51,14,0,True,4
2,Serotonin,Lysozyme,115,25,39,27,12,0,True,4
2,Serotonin,Serotonin,156,25,37,21,16,0,False,4
2,Serotonin,Unassigned,109,25,40,30,10,0,True,4
2,Unassigned,Agr2,5622,25,129,119,10,0,True,4
2,Unassigned,AldoB,9863,25,200,175,25,0,True,4
2,Unassigned,Chroma,200,25,32,19,13,0,False,4
2,Unassigned,KI67,13399,25,292,254,38,0,True,4
2,Unassigned,LGR5,5576,25,150,133,17,0,True,4
2,Unassigned,Lysozyme,1776,25,65,56,9,0,True,4
2,Unassigned,Serotonin,370,25,36,20,16,0,False,4
2,Unassigned,Unassigned,22027,25,443,366,77,0,True,4
