analysis,hop,center_marker,source_marker_name,n_cases,n_organoids
observed,1,Agr2,Agr2,325,206
observed,1,Agr2,AldoB,210,148
observed,1,Agr2,Chroma,102,88
observed,1,Agr2,KI67,288,208
observed,1,Agr2,LGR5,353,227
observed,1,Agr2,Lysozyme,150,121
observed,1,Agr2,Serotonin,92,81
observed,1,Agr2,Unassigned,247,184
observed,1,AldoB,Agr2,313,224
observed,1,AldoB,AldoB,2772,702
observed,1,AldoB,Chroma,73,63
observed,1,AldoB,KI67,377,264
observed,1,AldoB,LGR5,268,175
observed,1,AldoB,Lysozyme,130,97
observed,1,AldoB,Serotonin,81,74
observed,1,AldoB,Unassigned,648,405
observed,1,Chroma,Agr2,113,98
observed,1,Chroma,AldoB,113,93
observed,1,Chroma,Chroma,152,123
observed,1,Chroma,KI67,168,121
observed,1,Chroma,LGR5,254,174
observed,1,Chroma,Lysozyme,90,77
observed,1,Chroma,Serotonin,101,85
observed,1,Chroma,Unassigned,120,95
observed,1,KI67,Agr2,353,253
observed,1,KI67,AldoB,283,219
observed,1,KI67,Chroma,114,89
observed,1,KI67,KI67,1299,539
observed,1,KI67,LGR5,421,297
observed,1,KI67,Lysozyme,189,149
observed,1,KI67,Serotonin,106,92
observed,1,KI67,Unassigned,765,448
observed,1,LGR5,Agr2,377,255
observed,1,LGR5,AldoB,219,165
observed,1,LGR5,Chroma,126,104
observed,1,LGR5,KI67,422,298
observed,1,LGR5,LGR5,1143,499
observed,1,LGR5,Lysozyme,322,231
observed,1,LGR5,Serotonin,156,135
observed,1,LGR5,Unassigned,351,253
observed,1,Lysozyme,Agr2,155,119
observed,1,Lysozyme,AldoB,125,93
observed,1,Lysozyme,Chroma,88,77
observed,1,Lysozyme,KI67,194,147
observed,1,Lysozyme,LGR5,361,252
observed,1,Lysozyme,Lysozyme,134,107
observed,1,Lysozyme,Serotonin,115,107
observed,1,Lysozyme,Unassigned,165,127
observed,1,Serotonin,Agr2,112,94
observed,1,Serotonin,AldoB,114,92
observed,1,Serotonin,Chroma,108,91
observed,1,Serotonin,KI67,169,128
observed,1,Serotonin,LGR5,290,212
observed,1,Serotonin,Lysozyme,109,96
observed,1,Serotonin,Serotonin,145,126
observed,1,Serotonin,Unassigned,123,98
observed,1,Unassigned,Agr2,327,232
observed,1,Unassigned,AldoB,602,374
observed,1,Unassigned,Chroma,90,78
observed,1,Unassigned,KI67,913,472
observed,1,Unassigned,LGR5,370,251
observed,1,Unassigned,Lysozyme,168,130
observed,1,Unassigned,Serotonin,97,86
observed,1,Unassigned,Unassigned,1793,587
observed,2,Agr2,Agr2,380,258
observed,2,Agr2,AldoB,271,193
observed,2,Agr2,Chroma,106,94
observed,2,Agr2,KI67,356,258
observed,2,Agr2,LGR5,365,248
observed,2,Agr2,Lysozyme,210,159
observed,2,Agr2,Serotonin,110,103
observed,2,Agr2,Unassigned,325,235
observed,2,AldoB,Agr2,514,329
observed,2,AldoB,AldoB,2486,700
observed,2,AldoB,Chroma,91,83
observed,2,AldoB,KI67,616,383
observed,2,AldoB,LGR5,398,260
observed,2,AldoB,Lysozyme,214,157
observed,2,AldoB,Serotonin,84,79
observed,2,AldoB,Unassigned,1008,525
observed,2,Chroma,Agr2,157,124
observed,2,Chroma,AldoB,151,128
observed,2,Chroma,Chroma,102,84
observed,2,Chroma,KI67,214,166
observed,2,Chroma,LGR5,253,192
observed,2,Chroma,Lysozyme,139,119
observed,2,Chroma,Serotonin,98,87
observed,2,Chroma,Unassigned,164,129
observed,2,KI67,Agr2,514,336
observed,2,KI67,AldoB,453,325
observed,2,KI67,Chroma,119,104
observed,2,KI67,KI67,1229,561
observed,2,KI67,LGR5,629,399
observed,2,KI67,Lysozyme,289,222
observed,2,KI67,Serotonin,119,103
observed,2,KI67,Unassigned,911,496
observed,2,LGR5,Agr2,536,346
observed,2,LGR5,AldoB,326,227
observed,2,LGR5,Chroma,146,125
observed,2,LGR5,KI67,648,412
observed,2,LGR5,LGR5,1053,503
observed,2,LGR5,Lysozyme,426,319
observed,2,LGR5,Serotonin,187,172
observed,2,LGR5,Unassigned,549,358
observed,2,Lysozyme,Agr2,231,175
observed,2,Lysozyme,AldoB,175,132
observed,2,Lysozyme,Chroma,107,101
observed,2,Lysozyme,KI67,267,202
observed,2,Lysozyme,LGR5,354,268
observed,2,Lysozyme,Lysozyme,224,184
observed,2,Lysozyme,Serotonin,118,111
observed,2,Lysozyme,Unassigned,224,174
observed,2,Serotonin,Agr2,174,151
observed,2,Serotonin,AldoB,151,124
observed,2,Serotonin,Chroma,93,85
observed,2,Serotonin,KI67,206,169
observed,2,Serotonin,LGR5,284,218
observed,2,Serotonin,Lysozyme,149,128
observed,2,Serotonin,Serotonin,97,91
observed,2,Serotonin,Unassigned,164,136
observed,2,Unassigned,Agr2,549,348
observed,2,Unassigned,AldoB,837,460
observed,2,Unassigned,Chroma,103,90
observed,2,Unassigned,KI67,1165,539
observed,2,Unassigned,LGR5,529,343
observed,2,Unassigned,Lysozyme,237,184
observed,2,Unassigned,Serotonin,104,93
observed,2,Unassigned,Unassigned,1665,594
