center_marker,source_marker_name,hop,mean,ci_low,ci_high,n_organoids,n_rows,n_cases
Agr2,Agr2,1,-2.219828691194996e-08,-6.133316800458186e-08,1.4504797942186057e-08,206,325,325
Agr2,Agr2,2,-2.1087580493984736e-08,-4.085042947936674e-08,-1.035823355947212e-09,258,380,380
Agr2,AldoB,1,1.9714369913727278e-08,-6.120735808909581e-08,1.10326989148878e-07,148,210,210
Agr2,AldoB,2,7.418324313084411e-09,-3.087119218407685e-08,5.0086205842564165e-08,193,271,271
Agr2,Chroma,1,9.538248303585131e-08,-2.0884037838744394e-07,4.188137947479361e-07,88,102,102
Agr2,Chroma,2,-4.997345968815142e-08,-1.599339115542013e-07,4.1181856281174345e-08,94,106,106
Agr2,KI67,1,1.2172868839745155e-08,-3.415351889373558e-08,7.004226670446377e-08,208,288,288
Agr2,KI67,2,1.3141518436275466e-09,-2.3353087219565864e-08,2.704235180690875e-08,258,356,356
Agr2,LGR5,1,1.550396403897332e-08,-4.003202702099121e-08,6.862021076886357e-08,227,353,353
Agr2,LGR5,2,1.0495919003655407e-09,-2.8749728170602367e-08,3.2567817485407e-08,248,365,365
Agr2,Lysozyme,1,-3.0293366919965796e-08,-2.2689786540061764e-07,1.6773779017782252e-07,121,150,150
Agr2,Lysozyme,2,-5.948008159989787e-08,-1.5814095887553462e-07,2.183175111852495e-08,159,210,210
Agr2,Serotonin,1,4.563593114940302e-07,8.927031654327957e-08,8.886603684067105e-07,81,92,92
Agr2,Serotonin,2,1.0088216119584906e-07,-2.810906485935423e-09,2.1839380315705462e-07,103,110,110
Agr2,Unassigned,1,3.2757658252294055e-08,9.049409128615786e-09,5.78612956590585e-08,184,247,247
Agr2,Unassigned,2,-3.484885366669193e-09,-1.4589434620368137e-08,6.821278791976918e-09,235,325,325
AldoB,Agr2,1,-1.3343557188685928e-09,-4.706529076886263e-08,3.7737587373410254e-08,224,313,313
AldoB,Agr2,2,7.939765313299954e-09,-9.493864679376293e-09,2.5814409113886204e-08,329,514,514
AldoB,AldoB,1,9.173190598555708e-09,-7.183569466343907e-10,2.1458763266099286e-08,702,2772,2772
AldoB,AldoB,2,1.8266770523454053e-09,-3.085857275129111e-09,6.1990407212763405e-09,700,2486,2486
AldoB,Chroma,1,-4.230771644211638e-08,-1.912947671214463e-07,1.1587352530981481e-07,63,73,73
AldoB,Chroma,2,1.716257333150534e-08,-6.486775022367818e-08,9.902432726726874e-08,83,91,91
AldoB,KI67,1,-1.763714257327187e-08,-8.559213466804986e-08,4.697692652395245e-08,264,377,377
AldoB,KI67,2,1.5483548704969552e-07,6.118831542081357e-08,2.5125947001004165e-07,383,616,616
AldoB,LGR5,1,1.850938375497202e-09,-5.5657954757031494e-08,6.050577117849776e-08,175,268,268
AldoB,LGR5,2,1.1461434160405655e-07,4.406286684245515e-08,1.9396365535812695e-07,260,398,398
AldoB,Lysozyme,1,1.9148165586905232e-07,-5.047323868627584e-08,4.131876818717873e-07,97,130,130
AldoB,Lysozyme,2,7.796679345409675e-08,9.3914442047697e-09,1.4957886111648902e-07,157,214,214
AldoB,Serotonin,1,4.6869669100114595e-07,1.9417157855952612e-07,7.208284024197117e-07,74,81,81
AldoB,Serotonin,2,3.570742082945857e-08,-9.08257735636732e-08,1.559216540942115e-07,79,84,84
AldoB,Unassigned,1,1.661190926470062e-08,-1.3007202697702038e-09,3.471148466107953e-08,405,648,648
AldoB,Unassigned,2,1.1390879077485222e-09,-1.118938311826672e-08,1.3046871543354974e-08,525,1008,1008
Chroma,Agr2,1,2.0654452539266314e-08,-1.1207868368660735e-07,1.3363291205942785e-07,98,113,113
Chroma,Agr2,2,-2.1183063639601737e-08,-6.739719494724501e-08,2.2732207638055286e-08,124,157,157
Chroma,AldoB,1,-1.66410054568053e-08,-1.7700540435741148e-07,1.5033739760511741e-07,93,113,113
Chroma,AldoB,2,-3.186962962507135e-08,-1.2414016502763134e-07,5.050545705626661e-08,128,151,151
Chroma,Chroma,1,-1.940684865844417e-08,-1.7465126096863433e-07,1.3329604552328622e-07,123,152,152
Chroma,Chroma,2,-7.659125723484215e-08,-1.4960603782884937e-07,-2.2172779928017418e-09,84,102,102
Chroma,KI67,1,5.550214188376679e-09,-7.687253094667665e-08,7.960653075032281e-08,121,168,168
Chroma,KI67,2,-1.5110243512841407e-08,-6.97365551629139e-08,3.219755420489579e-08,166,214,214
Chroma,LGR5,1,3.482861062795704e-08,-6.58720285120859e-08,1.3318738066478504e-07,174,254,254
Chroma,LGR5,2,2.9193530880383482e-08,-9.265048472131335e-09,6.426138576993555e-08,192,253,253
Chroma,Lysozyme,1,1.2350641732109743e-07,-1.2887787924564795e-07,3.9272460462570023e-07,77,90,90
Chroma,Lysozyme,2,-8.759270971026051e-09,-1.1021426333501316e-07,7.900970354987953e-08,119,139,139
Chroma,Serotonin,1,-6.564828800663505e-08,-2.1106377455928902e-07,1.0104028916230373e-07,85,101,101
Chroma,Serotonin,2,-5.957284946061434e-08,-1.7054659702044697e-07,6.433994310024295e-08,87,98,98
Chroma,Unassigned,1,2.2446537841117074e-08,-2.753662315536504e-08,7.366782150039937e-08,95,120,120
Chroma,Unassigned,2,1.7549953475379242e-09,-1.163115952321036e-08,1.5054207069122908e-08,129,164,164
KI67,Agr2,1,-2.488646474958754e-08,-9.340974717692342e-08,3.718648574405058e-08,253,353,353
KI67,Agr2,2,1.812653359714198e-08,-6.558372694210755e-09,4.296561034183207e-08,336,514,514
KI67,AldoB,1,5.9178603480321943e-08,-2.0302570831543976e-08,1.4097223910824186e-07,219,283,283
KI67,AldoB,2,2.075475460532049e-08,-1.5072826982282072e-08,5.972517980072729e-08,325,453,453
KI67,Chroma,1,8.583560609243186e-08,-7.635730571521202e-08,2.422345726692418e-07,89,114,114
KI67,Chroma,2,-1.2114335081465497e-08,-1.25897883027654e-07,1.0817514454024515e-07,104,119,119
KI67,KI67,1,-1.3013704564187363e-08,-3.1467698328437446e-08,2.5122284757408722e-09,539,1299,1299
KI67,KI67,2,3.07793014773463e-09,-6.669724740977492e-09,1.1882811079501848e-08,561,1229,1229
KI67,LGR5,1,5.038458515543497e-09,-4.5136764768460755e-08,5.784329332959131e-08,297,421,421
KI67,LGR5,2,2.269733124056101e-08,-8.05860781402386e-10,4.890906353623044e-08,399,629,629
KI67,Lysozyme,1,1.8811336415603068e-07,-6.836582520404144e-08,4.4579630797382227e-07,149,189,189
KI67,Lysozyme,2,1.0128817057739817e-07,1.6722875303682183e-08,1.9162486867692107e-07,222,289,289
KI67,Serotonin,1,2.502831234275481e-07,-1.2393695463680215e-07,5.783619235809405e-07,92,106,106
KI67,Serotonin,2,2.0151459920239825e-07,3.379436853464845e-08,3.71416732667807e-07,103,119,119
KI67,Unassigned,1,-4.43608564688599e-09,-2.1473748280290154e-08,1.4426408733776816e-08,448,765,765
KI67,Unassigned,2,-1.1973814135464746e-09,-7.846000464243781e-09,5.242913246830592e-09,496,911,911
LGR5,Agr2,1,-2.7213111323694027e-08,-6.509864389615023e-08,8.587328157855172e-09,255,377,377
LGR5,Agr2,2,-2.1904611813748508e-08,-3.894226654519009e-08,-3.732661042832217e-09,346,536,536
LGR5,AldoB,1,-7.270231192610797e-08,-1.860071862490407e-07,2.3539078280291916e-08,165,219,219
LGR5,AldoB,2,4.6624356666456444e-08,4.3809340195148385e-09,8.89928846666552e-08,227,326,326
LGR5,Chroma,1,7.775992083707777e-09,-1.4471775557083832e-07,1.6073807041214125e-07,104,126,126
LGR5,Chroma,2,7.772076959289158e-08,1.5793390673122945e-08,1.458636118367013e-07,125,146,146
LGR5,KI67,1,-4.84153331290316e-08,-8.5233407969372e-08,-1.0559870433717134e-08,298,422,422
LGR5,KI67,2,-2.0071310637348615e-08,-3.768538145948604e-08,-2.955402189969119e-09,412,648,648
LGR5,LGR5,1,4.454962101560728e-09,-1.4433526512583328e-08,2.1214250486190656e-08,499,1143,1143
LGR5,LGR5,2,-1.737644060239756e-08,-3.31651863406775e-08,-4.031406741416462e-09,503,1053,1053
LGR5,Lysozyme,1,1.6742761097903167e-07,6.380969915289828e-08,2.541652028915973e-07,231,322,322
LGR5,Lysozyme,2,2.9215163295073373e-08,-1.1766406790582904e-08,7.01764107218408e-08,319,426,426
LGR5,Serotonin,1,2.4231045914336173e-07,2.0732808472462394e-08,4.613587807324589e-07,135,156,156
LGR5,Serotonin,2,8.86106801568e-08,-1.1498131075574541e-09,1.9437169028975062e-07,172,187,187
LGR5,Unassigned,1,-3.250569846203901e-08,-5.982677539784389e-08,-5.329653760123055e-09,253,351,351
LGR5,Unassigned,2,-2.1458439017731937e-09,-1.0807675194219742e-08,7.836045976728191e-09,358,549,549
Lysozyme,Agr2,1,-5.616509844411394e-08,-1.482564997661569e-07,3.129568472844975e-08,119,155,155
Lysozyme,Agr2,2,-1.3349833848575798e-08,-5.119726850831437e-08,2.1284273748421264e-08,175,231,231
Lysozyme,AldoB,1,-2.7841613530668422e-08,-1.8751812922552095e-07,1.1470178874017565e-07,93,125,125
Lysozyme,AldoB,2,6.2627006283771515e-09,-5.009265087657207e-08,6.630713500526849e-08,132,175,175
Lysozyme,Chroma,1,1.9762611254381287e-08,-2.5123831998927996e-07,2.7089033086725336e-07,77,88,88
Lysozyme,Chroma,2,-1.6909769669466108e-08,-1.0927882790198307e-07,7.00744720639718e-08,101,107,107
Lysozyme,KI67,1,2.6891601681220476e-08,-3.772444909055439e-08,8.289428939025614e-08,147,194,194
Lysozyme,KI67,2,-1.0350732545416524e-08,-3.8347304099612924e-08,1.5844401869459804e-08,202,267,267
Lysozyme,LGR5,1,5.520782602102989e-09,-3.885271460326864e-08,5.038390089997185e-08,252,361,361
Lysozyme,LGR5,2,-1.499349575461796e-08,-4.369919212148384e-08,1.3408621103088067e-08,268,354,354
Lysozyme,Lysozyme,1,-3.7940227813447526e-08,-1.489284784099797e-07,6.251028571469233e-08,107,134,134
Lysozyme,Lysozyme,2,6.400724878289743e-09,-2.3471893592501614e-08,3.896474889924534e-08,184,224,224
Lysozyme,Serotonin,1,2.0248077593948392e-07,4.779509048394332e-08,3.811326081949966e-07,107,115,115
Lysozyme,Serotonin,2,2.4096734082379846e-08,-6.657129563213933e-08,1.1213367236413817e-07,111,118,118
Lysozyme,Unassigned,1,-1.7167064765023887e-08,-4.725559228676989e-08,1.6596217184564295e-08,127,165,165
Lysozyme,Unassigned,2,-8.643952826540635e-10,-1.3287358830860623e-08,1.1072360894571984e-08,174,224,224
Serotonin,Agr2,1,2.9175908009283517e-08,-6.751248126478673e-08,1.2569567510897828e-07,94,112,112
Serotonin,Agr2,2,-2.9271086991290916e-08,-7.757407302899748e-08,1.2543650935452562e-08,151,174,174
Serotonin,AldoB,1,-1.679401038077885e-07,-3.507679387191753e-07,-9.69011187108653e-09,92,114,114
Serotonin,AldoB,2,5.286532057430668e-09,-5.0405626639963185e-08,5.918375575472992e-08,124,151,151
Serotonin,Chroma,1,-5.9458220319594874e-08,-2.0924959061304554e-07,8.560301322063049e-08,91,108,108
Serotonin,Chroma,2,-2.156352238520501e-08,-9.420323769440195e-08,4.874825062261871e-08,85,93,93
Serotonin,KI67,1,3.2776138669870977e-08,-4.134124596588255e-08,1.0954985211432858e-07,128,169,169
Serotonin,KI67,2,4.383685245729838e-08,7.412314347343549e-09,8.135272885344265e-08,169,206,206
Serotonin,LGR5,1,8.779240470648865e-08,1.2422958308918428e-08,1.5389237464935644e-07,212,290,290
Serotonin,LGR5,2,-4.6750825484095885e-09,-3.348537366017736e-08,2.28962412243369e-08,218,284,284
Serotonin,Lysozyme,1,-1.3216581799361408e-07,-2.967965639598392e-07,3.225712410166908e-08,96,109,109
Serotonin,Lysozyme,2,-3.5610965993376887e-09,-7.861368361662324e-08,6.874649983793482e-08,128,149,149
Serotonin,Serotonin,1,2.1353475202853312e-08,-5.749006116475567e-08,1.0636573267874391e-07,126,145,145
Serotonin,Serotonin,2,-2.4949601862815954e-08,-1.0523261786223326e-07,6.427334880825864e-08,91,97,97
Serotonin,Unassigned,1,-2.451074919486207e-08,-6.906701395288271e-08,1.4119259071384132e-08,98,123,123
Serotonin,Unassigned,2,-1.5890797937380098e-10,-1.6462014312548246e-08,1.7126299388981508e-08,136,164,164
Unassigned,Agr2,1,-2.948046794645559e-08,-7.949877188515252e-08,2.000355803760981e-08,232,327,327
Unassigned,Agr2,2,-1.764161755371687e-08,-3.710165081731793e-08,1.3996713170506487e-09,348,549,549
Unassigned,AldoB,1,1.2605580713765823e-08,-3.950408793599088e-08,6.382040648020151e-08,374,602,602
Unassigned,AldoB,2,2.787551782164595e-09,-1.8961083766245572e-08,2.1073771609215047e-08,460,837,837
Unassigned,Chroma,1,2.7323649275723185e-07,-9.884774047283078e-08,6.42023320005273e-07,78,90,90
Unassigned,Chroma,2,2.6346436445704985e-08,-1.3061842498902972e-07,1.7111591355969762e-07,90,103,103
Unassigned,KI67,1,1.5798654076914136e-08,-1.0891847475442432e-08,5.22128285107415e-08,472,913,913
Unassigned,KI67,2,3.899366638997945e-08,1.2740855241822654e-08,6.596790813250137e-08,539,1165,1165
Unassigned,LGR5,1,1.151615400162117e-08,-6.23602303570431e-08,8.769306141968124e-08,251,370,370
Unassigned,LGR5,2,1.029576765460652e-08,-2.5193900002188325e-08,4.3261943077594517e-08,343,529,529
Unassigned,Lysozyme,1,4.1172080464049237e-07,1.653139458870719e-07,6.938904356250975e-07,130,168,168
Unassigned,Lysozyme,2,1.4206765271160334e-07,2.314189255348556e-08,2.5935735241925705e-07,184,237,237
Unassigned,Serotonin,1,7.276352620857731e-07,2.8080503358434534e-07,1.1857437172154378e-06,86,97,97
Unassigned,Serotonin,2,2.4104008527123497e-07,9.207629109191825e-08,3.8135036020735535e-07,93,104,104
Unassigned,Unassigned,1,-7.611817511111681e-09,-1.5296150857324194e-08,3.865847317660064e-10,587,1793,1793
Unassigned,Unassigned,2,-3.8976636838932035e-09,-7.733008101476506e-09,-3.5873552989018416e-10,594,1665,1665
