sample_scope,source_marker_name,hop,metric,mean,low,high,n_cases,n_organoids
random_plus_topup,Agr2,0,delta_mu,-1.9264405806010468e-07,-2.400571466903206e-07,-1.4061271168958654e-07,409,284
random_plus_topup,Agr2,0,delta_mse,-1.3884690165111461e-13,-8.301905903797035e-13,4.734948580496175e-13,409,284
random_plus_topup,Agr2,0,delta_mae,2.540470407932891e-09,-4.061391540783762e-08,5.0138967841992184e-08,409,284
random_plus_topup,Agr2,1,delta_mu,-1.1338180549335459e-07,-1.3575476131057037e-07,-9.217006367430472e-08,1657,646
random_plus_topup,Agr2,1,delta_mse,9.777633102227939e-14,-1.4049583369526673e-13,3.292719173171546e-13,1657,646
random_plus_topup,Agr2,1,delta_mae,1.0706201150602257e-08,-9.229985610603863e-09,3.1580642726839225e-08,1657,646
random_plus_topup,Agr2,2,delta_mu,4.590536102130866e-09,-3.87364832222409e-09,1.2724678407545864e-08,3023,762
random_plus_topup,Agr2,2,delta_mse,-3.6795314769088715e-14,-1.8705110029576145e-13,7.524291508069338e-14,3023,762
random_plus_topup,Agr2,2,delta_mae,-4.6063531795716267e-10,-7.66868471052559e-09,7.018745233489948e-09,3023,762
random_plus_topup,AldoB,0,delta_mu,3.8873960855899055e-08,2.7934491366523728e-08,5.048874335126231e-08,3781,715
random_plus_topup,AldoB,0,delta_mse,6.12657966352601e-14,-4.883334331046518e-14,1.5371012769657987e-13,3781,715
random_plus_topup,AldoB,0,delta_mae,7.070089975957086e-09,-3.0398782914576685e-09,1.595540242323025e-08,3781,715
random_plus_topup,AldoB,1,delta_mu,7.83145095352073e-08,6.890942522858356e-08,8.703455425393084e-08,5087,778
random_plus_topup,AldoB,1,delta_mse,1.615593224331416e-13,3.956751918905238e-14,2.905177885621952e-13,5087,778
random_plus_topup,AldoB,1,delta_mae,1.0123200374370298e-08,2.3156648683793123e-09,1.8094929692267744e-08,5087,778
random_plus_topup,AldoB,2,delta_mu,2.4729131672430245e-08,1.7603329979508584e-08,3.1755215291627655e-08,5949,797
random_plus_topup,AldoB,2,delta_mse,1.1390638576696874e-13,1.9515570452790838e-14,2.0451683008601393e-13,5949,797
random_plus_topup,AldoB,2,delta_mae,6.949411916984377e-09,6.500095922975664e-10,1.3526823175488762e-08,5949,797
random_plus_topup,Chroma,0,delta_mu,-1.070841603651763e-06,-1.318531104844278e-06,-8.689578465321693e-07,250,162
random_plus_topup,Chroma,0,delta_mse,-1.2687035781544986e-13,-8.280411947429205e-12,4.9144808951925054e-12,250,162
random_plus_topup,Chroma,0,delta_mae,9.525014030083381e-08,-1.427441967211069e-07,3.294467715164762e-07,250,162
random_plus_topup,Chroma,1,delta_mu,-4.2519600821723996e-07,-5.418367616089654e-07,-3.2042631824905913e-07,310,165
random_plus_topup,Chroma,1,delta_mse,-9.779100843349758e-13,-5.8762925216750115e-12,2.1416615448123037e-12,310,165
random_plus_topup,Chroma,1,delta_mae,-2.929948409433599e-08,-1.589914259416631e-07,9.591192599250489e-08,310,165
random_plus_topup,Chroma,2,delta_mu,-1.4770211013197531e-07,-1.9494363168426684e-07,-1.0144336333678801e-07,434,211
random_plus_topup,Chroma,2,delta_mse,9.399052527673518e-13,3.719545439602836e-13,1.5300312400663038e-12,434,211
random_plus_topup,Chroma,2,delta_mae,6.121603186349654e-08,1.83322038243159e-08,1.0820700944949428e-07,434,211
random_plus_topup,KI67,0,delta_mu,-3.6936311423206305e-08,-5.926083157904368e-08,-1.609766058517934e-08,1697,597
random_plus_topup,KI67,0,delta_mse,-1.9357800585271138e-13,-4.3692550550961965e-13,1.6675244664158183e-14,1697,597
random_plus_topup,KI67,0,delta_mae,-5.025326392677223e-09,-2.3441613693817298e-08,1.1529613865001847e-08,1697,597
random_plus_topup,KI67,1,delta_mu,1.4031244500086985e-08,1.7062543466780763e-09,2.7213097773839832e-08,3839,800
random_plus_topup,KI67,1,delta_mse,-7.195507727415081e-14,-2.221023659917243e-13,6.262240932990216e-14,3839,800
random_plus_topup,KI67,1,delta_mae,1.3433949053720759e-09,-8.253276328161829e-09,1.2458088218399737e-08,3839,800
random_plus_topup,KI67,2,delta_mu,1.611087932102047e-07,1.444566543860421e-07,1.8009990369051632e-07,5293,847
random_plus_topup,KI67,2,delta_mse,7.012729541048886e-13,4.861569957511922e-13,9.81124277447449e-13,5293,847
random_plus_topup,KI67,2,delta_mae,4.8499126284317716e-08,3.07498985725181e-08,6.465977129287907e-08,5293,847
random_plus_topup,LGR5,0,delta_mu,-8.026961453131479e-08,-1.0625224943878376e-07,-5.574227645357989e-08,1432,505
random_plus_topup,LGR5,0,delta_mse,-2.337801670506955e-13,-5.573680849313955e-13,9.180299166795527e-14,1432,505
random_plus_topup,LGR5,0,delta_mae,3.347050884860629e-09,-2.1193945508065417e-08,2.295894695082385e-08,1432,505
random_plus_topup,LGR5,1,delta_mu,-7.868315981666921e-08,-9.681624039096678e-08,-6.027501578448247e-08,2923,655
random_plus_topup,LGR5,1,delta_mse,-2.1620769183549689e-13,-5.236096571094345e-13,5.1131720572444816e-14,2923,655
random_plus_topup,LGR5,1,delta_mae,-8.765704095973782e-09,-2.6559367291003745e-08,8.254854463903683e-09,2923,655
random_plus_topup,LGR5,2,delta_mu,1.2970552939428385e-07,1.1769114382057506e-07,1.421281902817413e-07,3827,720
random_plus_topup,LGR5,2,delta_mse,1.1995648259419625e-13,-6.925418638017774e-15,2.5758086347059325e-13,3827,720
random_plus_topup,LGR5,2,delta_mae,1.7770009367088028e-08,6.040247061502819e-09,2.9261131133256466e-08,3827,720
random_plus_topup,Lysozyme,0,delta_mu,-1.102794002555818e-06,-1.2890833451276014e-06,-9.29779565511359e-07,250,195
random_plus_topup,Lysozyme,0,delta_mse,3.894035524637302e-12,-2.83007452292086e-13,7.2618751697075056e-12,250,195
random_plus_topup,Lysozyme,0,delta_mae,4.071683090348445e-07,2.0108598742153324e-07,5.888668104318104e-07,250,195
random_plus_topup,Lysozyme,1,delta_mu,-8.031064808318064e-07,-8.819139759800257e-07,-7.204565005990382e-07,704,417
random_plus_topup,Lysozyme,1,delta_mse,1.9032481496698703e-12,2.0706323874215578e-13,3.4758976558231015e-12,704,417
random_plus_topup,Lysozyme,1,delta_mae,1.5710170501077615e-07,6.247443113191362e-08,2.6000063704300617e-07,704,417
random_plus_topup,Lysozyme,2,delta_mu,-3.0245827990816075e-07,-3.3601832129031897e-07,-2.670360843987979e-07,1447,576
random_plus_topup,Lysozyme,2,delta_mse,4.1049293176622985e-13,-3.679195991025865e-13,1.0088302304276342e-12,1447,576
random_plus_topup,Lysozyme,2,delta_mae,5.330489270835976e-08,2.1090684054098825e-08,8.68404725382615e-08,1447,576
random_plus_topup,Serotonin,0,delta_mu,-1.4205532027950603e-06,-1.6215789144832006e-06,-1.210742914005776e-06,250,190
random_plus_topup,Serotonin,0,delta_mse,1.2156343447543145e-11,7.716110649757249e-12,1.7221414683971636e-11,250,190
random_plus_topup,Serotonin,0,delta_mae,5.491814571298444e-07,3.1035876380869845e-07,7.834802296745237e-07,250,190
random_plus_topup,Serotonin,1,delta_mu,-7.377602933070458e-07,-9.017179436332308e-07,-5.766224041404895e-07,368,239
random_plus_topup,Serotonin,1,delta_mse,2.2855523297014747e-12,-9.07069166378991e-13,5.464675043100013e-12,368,239
random_plus_topup,Serotonin,1,delta_mae,7.841655915357456e-08,-8.698415983065206e-08,2.571146662520505e-07,368,239
random_plus_topup,Serotonin,2,delta_mu,-3.0088402069606934e-07,-3.80695463241745e-07,-2.2827774447023582e-07,514,285
random_plus_topup,Serotonin,2,delta_mse,1.5623843423088677e-12,1.618986204148618e-13,3.0004615305929227e-12,514,285
random_plus_topup,Serotonin,2,delta_mae,6.804605679526273e-08,-3.2154259150933035e-09,1.4549839372745486e-07,514,285
random_plus_topup,Unassigned,0,delta_mu,5.600878901065561e-08,4.3295580228264604e-08,6.965020284678147e-08,2478,646
random_plus_topup,Unassigned,0,delta_mse,-9.772347670275774e-15,-1.341280305466351e-13,1.0510324887013887e-13,2478,646
random_plus_topup,Unassigned,0,delta_mae,-2.4458768294409673e-09,-1.2215921676129035e-08,6.6132144710238035e-09,2478,646
random_plus_topup,Unassigned,1,delta_mu,6.967368552539356e-08,6.088951927476855e-08,7.737143355904523e-08,4687,792
random_plus_topup,Unassigned,1,delta_mse,2.5237361917171303e-14,-5.2250950654550423e-14,1.0671901242419059e-13,4687,792
random_plus_topup,Unassigned,1,delta_mae,-2.3554076239380266e-09,-8.460535222470149e-09,3.95716570210916e-09,4687,792
random_plus_topup,Unassigned,2,delta_mu,1.9590876697969886e-08,1.596365253251199e-08,2.3419450762354138e-08,6057,833
random_plus_topup,Unassigned,2,delta_mse,3.021792899452215e-14,-1.3915058007556972e-14,7.672715190541888e-14,6057,833
random_plus_topup,Unassigned,2,delta_mae,1.2587772932259961e-09,-1.5548505289643638e-09,4.448539479753597e-09,6057,833
random_only,Agr2,0,delta_mu,-1.9264405806010468e-07,-2.474391815615884e-07,-1.4638502202503628e-07,409,284
random_only,Agr2,0,delta_mse,-1.3884690165111461e-13,-8.143150846089469e-13,4.987850418972265e-13,409,284
random_only,Agr2,0,delta_mae,2.540470407932891e-09,-4.683493858898779e-08,4.5668612240366476e-08,409,284
random_only,Agr2,1,delta_mu,-1.1754938000417379e-07,-1.3874956959731905e-07,-9.470003981669995e-08,1568,632
random_only,Agr2,1,delta_mse,7.701831152468627e-14,-1.452474391250736e-13,3.052310198268357e-13,1568,632
random_only,Agr2,1,delta_mae,1.5730012089246998e-08,-3.487285871306011e-09,3.873122922159054e-08,1568,632
random_only,Agr2,2,delta_mu,4.491318855757896e-09,-3.0562852912242545e-09,1.3276661334356588e-08,2836,756
random_only,Agr2,2,delta_mse,1.9589614673259908e-14,-6.614371635107502e-14,1.0513466404151237e-13,2836,756
random_only,Agr2,2,delta_mae,2.9086207801113046e-09,-4.855962246001519e-09,1.0613240326117782e-08,2836,756
random_only,AldoB,0,delta_mu,3.8873960855899055e-08,2.737125943436589e-08,4.9243951888189545e-08,3781,715
random_only,AldoB,0,delta_mse,6.12657966352601e-14,-4.5672767921224845e-14,1.5081323282644049e-13,3781,715
random_only,AldoB,0,delta_mae,7.070089975957086e-09,-2.3746355780684495e-09,1.5915728964002388e-08,3781,715
random_only,AldoB,1,delta_mu,7.209666861406256e-08,6.386944736311326e-08,8.150139480530968e-08,5018,778
random_only,AldoB,1,delta_mse,1.8240642925334018e-13,7.775815186498533e-14,2.8433412362299073e-13,5018,778
random_only,AldoB,1,delta_mae,1.0733430268314834e-08,2.7094751563531757e-09,1.8215243923988388e-08,5018,778
random_only,AldoB,2,delta_mu,2.1651564381155182e-08,1.440115124530576e-08,2.95131902918554e-08,5834,796
random_only,AldoB,2,delta_mse,1.3373706851763055e-13,5.09086048294971e-14,2.2153110124207863e-13,5834,796
random_only,AldoB,2,delta_mae,7.833852132902535e-09,1.943914137686966e-09,1.4798551797816766e-08,5834,796
random_only,Chroma,0,delta_mu,-8.701998675017024e-07,-1.3964277947530075e-06,-3.600433065623787e-07,28,26
random_only,Chroma,0,delta_mse,5.423041921500651e-13,-4.048224673815538e-12,4.328490508413645e-12,28,26
random_only,Chroma,0,delta_mae,1.3040037901451981e-07,-3.180200127269375e-07,6.502189166318035e-07,28,26
random_only,Chroma,1,delta_mu,-6.029776264375626e-07,-7.39313655892823e-07,-4.5960362503288127e-07,134,105
random_only,Chroma,1,delta_mse,1.7676552868307116e-12,-6.827471006675109e-13,4.090161235872531e-12,134,105
random_only,Chroma,1,delta_mae,9.021028394355032e-08,-8.421050284027495e-08,2.7593761156328526e-07,134,105
random_only,Chroma,2,delta_mu,-2.441558551804396e-07,-2.982568310932812e-07,-1.8303400299715408e-07,283,170
random_only,Chroma,2,delta_mse,1.3192165756475055e-12,6.918216673021136e-13,2.018759022888508e-12,283,170
random_only,Chroma,2,delta_mae,1.0554618584969092e-07,4.4738770638386075e-08,1.6882450551167064e-07,283,170
random_only,KI67,0,delta_mu,-3.6936311423206305e-08,-6.113795802083318e-08,-1.558749172578118e-08,1697,597
random_only,KI67,0,delta_mse,-1.9357800585271138e-13,-4.0581004563954875e-13,3.039453262051255e-15,1697,597
random_only,KI67,0,delta_mae,-5.025326392677223e-09,-2.4203157391367314e-08,1.407844616197334e-08,1697,597
random_only,KI67,1,delta_mu,1.3810767274493901e-08,1.8214759567097245e-09,2.6181485684861277e-08,3639,785
random_only,KI67,1,delta_mse,-5.5721349034354727e-14,-2.1469543799772612e-13,1.0342338749179337e-13,3639,785
random_only,KI67,1,delta_mae,5.9135665709065e-10,-9.791966936242593e-09,1.1587176081811393e-08,3639,785
random_only,KI67,2,delta_mu,1.7226038456241418e-07,1.5293006851311958e-07,1.92687556867026e-07,4998,840
random_only,KI67,2,delta_mse,7.711975587627983e-13,5.441288854920475e-13,1.032361617596924e-12,4998,840
random_only,KI67,2,delta_mae,5.1876191865787586e-08,3.2576611517634016e-08,7.039327893054258e-08,4998,840
random_only,LGR5,0,delta_mu,-8.026961453131479e-08,-1.0759150214269077e-07,-5.622639855956307e-08,1432,505
random_only,LGR5,0,delta_mse,-2.337801670506955e-13,-5.490784940635258e-13,5.040922079702343e-14,1432,505
random_only,LGR5,0,delta_mae,3.347050884860629e-09,-2.1452282302838147e-08,2.6489110770863005e-08,1432,505
random_only,LGR5,1,delta_mu,-6.41197167069511e-08,-8.059151655968552e-08,-4.631388739606511e-08,2526,632
random_only,LGR5,1,delta_mse,-2.624715491813699e-13,-5.129470271292043e-13,9.266308471372771e-15,2526,632
random_only,LGR5,1,delta_mae,-1.3541790598203753e-08,-2.912037494791519e-08,3.2141732486317896e-09,2526,632
random_only,LGR5,2,delta_mu,1.3382299131761217e-07,1.1998840010125328e-07,1.4632534918015886e-07,3375,702
random_only,LGR5,2,delta_mse,1.797976369963205e-13,3.804787004365662e-14,3.335311681986892e-13,3375,702
random_only,LGR5,2,delta_mae,2.110377843428767e-08,8.012922295299148e-09,3.341774057969033e-08,3375,702
random_only,Lysozyme,0,delta_mu,-1.2139965198498143e-06,-1.528985949260199e-06,-9.93839137176538e-07,137,116
random_only,Lysozyme,0,delta_mse,4.710891644884484e-12,-3.263091374325298e-13,1.0202808065655042e-11,137,116
random_only,Lysozyme,0,delta_mae,5.178212598417624e-07,2.473412274537733e-07,7.815487006292395e-07,137,116
random_only,Lysozyme,1,delta_mu,-8.578343397845279e-07,-9.344918827238184e-07,-7.718570073234897e-07,640,398
random_only,Lysozyme,1,delta_mse,2.2260379117247707e-12,7.902852779487365e-13,3.759702833104264e-12,640,398
random_only,Lysozyme,1,delta_mae,1.7986220714017393e-07,6.5337428109447e-08,2.880638998818911e-07,640,398
random_only,Lysozyme,2,delta_mu,-3.432156419937864e-07,-3.824413120581363e-07,-3.08518093501049e-07,1249,548
random_only,Lysozyme,2,delta_mse,5.461351431306262e-13,-1.2238268934876706e-13,1.1396687066270241e-12,1249,548
random_only,Lysozyme,2,delta_mae,6.237423935838153e-08,2.111307593129463e-08,1.0916443477367133e-07,1249,548
random_only,Serotonin,0,delta_mu,-1.2559550922727824e-06,-1.668138095293194e-06,-8.821384240587677e-07,38,36
random_only,Serotonin,0,delta_mse,1.263054059257155e-11,5.097956149501825e-12,2.1463409159263303e-11,38,36
random_only,Serotonin,0,delta_mae,6.875962379097771e-07,2.0021039489453838e-07,1.247472766116387e-06,38,36
random_only,Serotonin,1,delta_mu,-1.2795948979579773e-06,-1.5746819651619227e-06,-1.0035812305660904e-06,181,147
random_only,Serotonin,1,delta_mse,3.8686361763387035e-12,-1.1806808359073173e-12,8.80340739127873e-12,181,147
random_only,Serotonin,1,delta_mae,1.762932900971017e-07,-1.57182345944562e-07,5.036972666461838e-07,181,147
random_only,Serotonin,2,delta_mu,-4.779041701244319e-07,-5.816108724604947e-07,-3.7489907695565056e-07,362,249
random_only,Serotonin,2,delta_mse,1.9400406161254444e-12,2.2360359027045913e-13,3.618943210309883e-12,362,249
random_only,Serotonin,2,delta_mae,9.513853283319416e-08,-1.6041767295871812e-08,2.0488424847185391e-07,362,249
random_only,Unassigned,0,delta_mu,5.600878901065561e-08,4.326558687989311e-08,6.918325924735133e-08,2478,646
random_only,Unassigned,0,delta_mse,-9.772347670275774e-15,-1.254471498250246e-13,1.0134347495808908e-13,2478,646
random_only,Unassigned,0,delta_mae,-2.4458768294409673e-09,-1.2786302459805732e-08,7.584869751840752e-09,2478,646
random_only,Unassigned,1,delta_mu,6.92085929151226e-08,6.164584440693368e-08,7.792041964340032e-08,4575,782
random_only,Unassigned,1,delta_mse,1.3638329402281992e-14,-5.4916812849891837e-14,9.38316784368597e-14,4575,782
random_only,Unassigned,1,delta_mae,-2.897264159485971e-09,-9.368459133998442e-09,3.305858408929085e-09,4575,782
random_only,Unassigned,2,delta_mu,2.018990331636208e-08,1.66957276389107e-08,2.4123755007692905e-08,5859,829
random_only,Unassigned,2,delta_mse,2.179558022035633e-14,-2.144238131623983e-14,6.849790180263937e-14,5859,829
random_only,Unassigned,2,delta_mae,6.22110326607457e-10,-2.210092052147747e-09,3.692256144166487e-09,5859,829
