hop,source_marker_name,available,random_count,selected_count,target_count,shortfall,fold
0,Agr2,3587,84,84,50,0,0
0,AldoB,32924,728,728,50,0,0
0,Chroma,284,9,50,50,0,0
0,KI67,14374,341,341,50,0,0
0,LGR5,12394,294,294,50,0,0
0,Lysozyme,1165,29,50,50,0,0
0,Serotonin,329,7,50,50,0,0
0,Unassigned,21319,508,508,50,0,0
1,Agr2,14341,309,331,50,0,0
1,AldoB,43424,973,984,50,0,0
1,Chroma,1342,33,61,50,0,0
1,KI67,30942,729,768,50,0,0
1,LGR5,21837,518,597,50,0,0
1,Lysozyme,5710,125,136,50,0,0
1,Serotonin,1520,44,74,50,0,0
1,Unassigned,40079,936,959,50,0,0
2,Agr2,25153,578,621,50,0,0
2,AldoB,50710,1146,1168,50,0,0
2,Chroma,2729,51,82,50,0,0
2,KI67,42920,996,1050,50,0,0
2,LGR5,28837,681,766,50,0,0
2,Lysozyme,10792,260,289,50,0,0
2,Serotonin,3143,78,100,50,0,0
2,Unassigned,51486,1192,1239,50,0,0
0,Agr2,3519,88,88,50,0,1
0,AldoB,34009,795,795,50,0,1
0,Chroma,319,4,50,50,0,1
0,KI67,17500,396,396,50,0,1
0,LGR5,11786,270,270,50,0,1
0,Lysozyme,1035,16,50,50,0,1
0,Serotonin,344,8,50,50,0,1
0,Unassigned,18800,423,423,50,0,1
1,Agr2,14107,347,363,50,0,1
1,AldoB,44238,1046,1063,50,0,1
1,Chroma,1441,26,67,50,0,1
1,KI67,34294,765,818,50,0,1
1,LGR5,21281,470,554,50,0,1
1,Lysozyme,5059,114,128,50,0,1
1,Serotonin,1621,34,76,50,0,1
1,Unassigned,36777,820,840,50,0,1
2,Agr2,24981,572,605,50,0,1
2,AldoB,51547,1198,1227,50,0,1
2,Chroma,2983,57,93,50,0,1
2,KI67,45590,1036,1110,50,0,1
2,LGR5,28591,644,740,50,0,1
2,Lysozyme,9604,211,252,50,0,1
2,Serotonin,3394,75,109,50,0,1
2,Unassigned,48464,1096,1133,50,0,1
0,Agr2,3375,81,81,50,0,2
0,AldoB,34875,775,775,50,0,2
0,Chroma,296,9,50,50,0,2
0,KI67,15063,371,371,50,0,2
0,LGR5,11608,263,263,50,0,2
0,Lysozyme,1172,27,50,50,0,2
0,Serotonin,324,3,50,50,0,2
0,Unassigned,19454,471,471,50,0,2
1,Agr2,13496,312,326,50,0,2
1,AldoB,45094,1028,1039,50,0,2
1,Chroma,1370,35,70,50,0,2
1,KI67,31334,739,777,50,0,2
1,LGR5,20550,465,546,50,0,2
1,Lysozyme,5756,139,157,50,0,2
1,Serotonin,1518,38,75,50,0,2
1,Unassigned,37112,860,884,50,0,2
2,Agr2,23724,584,618,50,0,2
2,AldoB,52432,1171,1194,50,0,2
2,Chroma,2808,68,100,50,0,2
2,KI67,42597,993,1045,50,0,2
2,LGR5,27299,626,717,50,0,2
2,Lysozyme,10797,251,291,50,0,2
2,Serotonin,3117,80,110,50,0,2
2,Unassigned,48268,1127,1169,50,0,2
0,Agr2,3074,86,86,50,0,3
0,AldoB,33546,751,751,50,0,3
0,Chroma,223,3,50,50,0,3
0,KI67,14178,317,317,50,0,3
0,LGR5,13550,309,309,50,0,3
0,Lysozyme,1198,33,50,50,0,3
0,Serotonin,289,8,50,50,0,3
0,Unassigned,22066,493,493,50,0,3
1,Agr2,13440,304,322,50,0,3
1,AldoB,44128,995,1010,50,0,3
1,Chroma,1036,22,57,50,0,3
1,KI67,31122,718,755,50,0,3
1,LGR5,23401,549,629,50,0,3
1,Lysozyme,5833,140,150,50,0,3
1,Serotonin,1362,28,67,50,0,3
1,Unassigned,40973,940,965,50,0,3
2,Agr2,24341,570,607,50,0,3
2,AldoB,51825,1168,1188,50,0,3
2,Chroma,2154,56,86,50,0,3
2,KI67,43203,992,1045,50,0,3
2,LGR5,30728,712,804,50,0,3
2,Lysozyme,11059,252,301,50,0,3
2,Serotonin,2812,49,80,50,0,3
2,Unassigned,52425,1207,1241,50,0,3
0,Agr2,2899,70,70,50,0,4
0,AldoB,32457,732,732,50,0,4
0,Chroma,212,3,50,50,0,4
0,KI67,13794,272,272,50,0,4
0,LGR5,12583,296,296,50,0,4
0,Lysozyme,1182,32,50,50,0,4
0,Serotonin,326,12,50,50,0,4
0,Unassigned,22322,583,583,50,0,4
1,Agr2,12519,296,315,50,0,4
1,AldoB,42545,976,991,50,0,4
1,Chroma,1005,18,55,50,0,4
1,KI67,29813,688,721,50,0,4
1,LGR5,21977,524,597,50,0,4
1,Lysozyme,5765,122,133,50,0,4
1,Serotonin,1496,37,76,50,0,4
1,Unassigned,40828,1019,1039,50,0,4
2,Agr2,22625,532,572,50,0,4
2,AldoB,50069,1151,1172,50,0,4
2,Chroma,2042,51,73,50,0,4
2,KI67,41585,981,1043,50,0,4
2,LGR5,29148,712,800,50,0,4
2,Lysozyme,10948,275,314,50,0,4
2,Serotonin,3048,80,115,50,0,4
2,Unassigned,52012,1237,1275,50,0,4
